epsilon,sample,theta_1,theta_2_log,summary_clean,summary_observed,summary_mds,npe_mean_baseline,npe_mean_mds,rmse_baseline,rmse_mds,gate_passed,lbfgs_evaluations,adapt_ms
0,0,1.6108019352,0.720744609833,"[2.0634429454803467, 0.000827235693577677, 0.6609132289886475]","[2.0634429454803467, 0.000827235693577677, 0.6609132289886475]","[2.0634429454803467, 0.000827235693577677, 0.6609132289886475]","[1.733994960784912, 0.7211112380027771]","[1.733994960784912, 0.7211112380027771]",0.0871110111475,0.0871110111475,True,0,16.4397391491
0,1,0.699809908867,1.54831004143,"[4.988616943359375, 0.010461442172527313, 0.9689536094665527]","[4.988616943359375, 0.010461442172527313, 0.9689536094665527]","[4.988616943359375, 0.010461442172527313, 0.9689536094665527]","[0.7038856744766235, 1.5520102977752686]","[0.7038856744766235, 1.5520102977752686]",0.00389254186302,0.00389254186302,True,0,6.51659211144
0,2,0.970022797585,-0.134967565536,"[1.0220656394958496, 0.005806857254356146, 0.9348754286766052]","[1.0220656394958496, 0.005806857254356146, 0.9348754286766052]","[1.0220656394958496, 0.005806857254356146, 0.9348754286766052]","[0.984108030796051, -0.12804923951625824]","[0.984108030796051, -0.12804923951625824]",0.0110963284969,0.0110963284969,True,0,9.59225604311
0,3,0.145107030869,0.781837940216,"[6.560544490814209, 0.0865493193268776, 0.9961391091346741]","[6.560544490814209, 0.0865493193268776, 0.9961391091346741]","[6.560544490814209, 0.0865493193268776, 0.9961391091346741]","[0.14704841375350952, 1.2231650352478027]","[0.14704841375350952, 1.2231650352478027]",0.312068402767,0.312068402767,True,0,5.14670484699
0,4,1.04496157169,-1.49887108803,"[0.33641570806503296, 0.0047097718343138695, 0.9291476607322693]","[0.33641570806503296, 0.0047097718343138695, 0.9291476607322693]","[0.33641570806503296, 0.0047097718343138695, 0.9291476607322693]","[1.0247383117675781, -1.5508614778518677]","[1.0247383117675781, -1.5508614778518677]",0.0394460447133,0.0394460447133,True,0,6.18524802849
0,5,1.87544727325,1.14562177658,"[3.144686222076416, 0.0009210541029460728, 0.6545755863189697]","[3.144686222076416, 0.0009210541029460728, 0.6545755863189697]","[3.144686222076416, 0.0009210541029460728, 0.6545755863189697]","[1.7600677013397217, 1.1419706344604492]","[1.7600677013397217, 1.1419706344604492]",0.0816265195608,0.0816265195608,True,0,4.99049504288
0,6,1.34836030006,0.680509090424,"[1.9966628551483154, 0.001352810300886631, 0.7841481566429138]","[1.9966628551483154, 0.001352810300886631, 0.7841481566429138]","[1.9966628551483154, 0.001352810300886631, 0.7841481566429138]","[1.3126782178878784, 0.6779121160507202]","[1.3126782178878784, 0.6779121160507202]",0.0252977795899,0.0252977795899,True,0,5.62209798954
0,7,1.09356486797,-0.978704452515,"[0.4681086242198944, 0.0035721503663808107, 0.8994497656822205]","[0.4681086242198944, 0.0035721503663808107, 0.8994497656822205]","[0.4681086242198944, 0.0035721503663808107, 0.8994497656822205]","[1.086977481842041, -0.9748265147209167]","[1.086977481842041, -0.9748265147209167]",0.00540518527851,0.00540518527851,True,0,5.61657291837
0,8,1.77303254604,0.605893611908,"[1.835150957107544, 0.0008660806925036013, 0.6979833841323853]","[1.835150957107544, 0.0008660806925036013, 0.6979833841323853]","[1.835150957107544, 0.0008660806925036013, 0.6979833841323853]","[1.5959668159484863, 0.604351818561554]","[1.5959668159484863, 0.604351818561554]",0.125209122896,0.125209122896,True,0,9.8458819557
0,9,1.64437627792,-0.141121864319,"[0.869411826133728, 0.0008470219327136874, 0.6780110597610474]","[0.869411826133728, 0.0008470219327136874, 0.6780110597610474]","[0.869411826133728, 0.0008470219327136874, 0.6780110597610474]","[1.6774592399597168, -0.14542515575885773]","[1.6774592399597168, -0.14542515575885773]",0.023590259254,0.023590259254,True,0,10.3056610096
0,10,1.81752705574,1.46806073189,"[4.339208602905273, 0.0007004767539910972, 0.5883130431175232]","[4.339208602905273, 0.0007004767539910972, 0.5883130431175232]","[4.295531272888184, 0.0008008144795894623, 0.6899813413619995]","[2.002173900604248, 1.465867519378662]","[1.626105785369873, 1.4574733972549438]",0.130574241281,0.13556215167,False,20,125.747078098
0,11,1.96917140484,-1.06430578232,"[0.34638065099716187, 0.0007956677000038326, 0.6437404155731201]","[0.34638065099716187, 0.0007956677000038326, 0.6437404155731201]","[0.2671194076538086, 0.0004347674548625946, 0.6264297962188721]","[1.8007980585098267, -1.0710395574569702]","[1.8612046241760254, -1.324254035949707]",0.119153112173,0.199035078287,False,7,28.1058889814
0,12,1.20067739487,-0.224704742432,"[0.8475859761238098, 0.001659737667068839, 0.8327949047088623]","[0.8475859761238098, 0.001659737667068839, 0.8327949047088623]","[0.8475859761238098, 0.001659737667068839, 0.8327949047088623]","[1.2208982706069946, -0.21596403419971466]","[1.2208982706069946, -0.21596403419971466]",0.0155769670382,0.0155769670382,True,0,20.9287370089
0,13,1.18298184872,-1.37688755989,"[0.3058070242404938, 0.0021829346660524607, 0.8417224884033203]","[0.3058070242404938, 0.0021829346660524607, 0.8417224884033203]","[0.3058070242404938, 0.0021829346660524607, 0.8417224884033203]","[1.214687705039978, -1.3794350624084473]","[1.214687705039978, -1.3794350624084473]",0.0224916767329,0.0224916767329,True,0,17.8336780518
0,14,1.62843906879,0.58690738678,"[1.8029437065124512, 0.0010181802790611982, 0.7213289737701416]","[1.8029437065124512, 0.0010181802790611982, 0.7213289737701416]","[1.8029437065124512, 0.0010181802790611982, 0.7213289737701416]","[1.5127899646759033, 0.5837900042533875]","[1.5127899646759033, 0.5837900042533875]",0.0818059667945,0.0818059667945,True,0,21.8817510176
0,15,0.626592516899,-1.77805352211,"[0.9059152007102966, 0.04827723279595375, 0.9925979971885681]","[0.9059152007102966, 0.04827723279595375, 0.9925979971885681]","[0.9059152007102966, 0.04827723279595375, 0.9925979971885681]","[0.6258403658866882, -1.740999460220337]","[0.6258403658866882, -1.740999460220337]",0.0262065753341,0.0262065753341,True,0,21.9106180593
0,16,0.793452739716,-1.22287893295,"[0.6440168023109436, 0.018909724429249763, 0.9810105562210083]","[0.6440168023109436, 0.018909724429249763, 0.9810105562210083]","[0.6440168023109436, 0.018909724429249763, 0.9810105562210083]","[0.7910641431808472, -1.233031153678894]","[0.7910641431808472, -1.233031153678894]",0.00737471971661,0.00737471971661,True,0,22.8728260845
0,17,0.666797161102,-1.3957092762,"[0.8631208539009094, 0.03754154592752457, 0.9909141063690186]","[0.8631208539009094, 0.03754154592752457, 0.9909141063690186]","[0.8631208539009094, 0.03754154592752457, 0.9909141063690186]","[0.670244574546814, -1.3515839576721191]","[0.670244574546814, -1.3515839576721191]",0.0312963910401,0.0312963910401,True,0,16.8949959334
0,18,1.18247234821,1.39818835258,"[4.079082012176514, 0.0017636737320572138, 0.8333531618118286]","[4.079082012176514, 0.0017636737320572138, 0.8333531618118286]","[4.079082012176514, 0.0017636737320572138, 0.8333531618118286]","[1.1454321146011353, 1.3956390619277954]","[1.1454321146011353, 1.3956390619277954]",0.0262533593923,0.0262533593923,True,0,16.8423028663
0,19,0.98117351532,1.01310491562,"[2.8624658584594727, 0.0041602072305977345, 0.9214109778404236]","[2.8624658584594727, 0.0041602072305977345, 0.9214109778404236]","[2.829131603240967, 0.005989322438836098, 0.8932850956916809]","[0.9693745374679565, 1.0111135244369507]","[1.0093927383422852, 0.9801151752471924]",0.00846113264561,0.0306972917169,False,15,130.050685955
0,20,1.84160423279,1.96215844154,"[7.11768913269043, 0.0007307734340429306, 0.619502604007721]","[7.11768913269043, 0.0007307734340429306, 0.619502604007721]","[7.08686637878418, 0.002087276428937912, 0.6969162225723267]","[1.7361164093017578, 1.9621450901031494]","[1.4801782369613647, 1.9465935230255127]",0.07459115237,0.255803644657,False,8,88.3599689696
0,21,1.48104608059,-0.0195467472076,"[0.9875261187553406, 0.0011424978729337454, 0.746679425239563]","[0.9875261187553406, 0.0011424978729337454, 0.746679425239563]","[0.9875261187553406, 0.0011424978729337454, 0.746679425239563]","[1.4440481662750244, -0.028413094580173492]","[1.4440481662750244, -0.028413094580173492]",0.0269022099674,0.0269022099674,True,0,11.0755229834
0,22,0.526807188988,-1.64075136185,"[1.3216627836227417, 0.07856908440589905, 0.9953161478042603]","[1.3216627836227417, 0.07856908440589905, 0.9953161478042603]","[1.3216627836227417, 0.07856908440589905, 0.9953161478042603]","[0.525337815284729, -1.6794497966766357]","[0.525337815284729, -1.6794497966766357]",0.0273836441338,0.0273836441338,True,0,17.3054370098
0,23,1.21033799648,0.2413585186,"[1.3195853233337402, 0.001841688179410994, 0.833681046962738]","[1.3195853233337402, 0.001841688179410994, 0.833681046962738]","[1.3195853233337402, 0.001841688179410994, 0.833681046962738]","[1.2044565677642822, 0.2438230961561203]","[1.2044565677642822, 0.2438230961561203]",0.00450917659327,0.00450917659327,True,0,17.5278261304
0,24,1.24013137817,1.97806930542,"[7.241131782531738, 0.0011340726632624865, 0.7522823214530945]","[7.241131782531738, 0.0011340726632624865, 0.7522823214530945]","[7.224442481994629, 0.004773417487740517, 0.7727171778678894]","[1.2788811922073364, 1.9795228242874146]","[1.183675765991211, 1.9448494911193848]",0.02741952613,0.0463184192777,False,9,121.043977793
0,25,1.8783390522,1.09949707985,"[3.004338264465332, 0.0007637106464244425, 0.6352095007896423]","[3.004338264465332, 0.0007637106464244425, 0.6352095007896423]","[3.004338264465332, 0.0007637106464244425, 0.6352095007896423]","[1.8364477157592773, 1.0975298881530762]","[1.8364477157592773, 1.0975298881530762]",0.0296542905271,0.0296542905271,True,0,4.83179092407
0,26,0.304980754852,-0.270941257477,"[3.4669253826141357, 0.14421983063220978, 0.9977715611457825]","[3.4669253826141357, 0.14421983063220978, 0.9977715611457825]","[3.4669253826141357, 0.14421983063220978, 0.9977715611457825]","[0.303619921207428, -0.2493583858013153]","[0.303619921207428, -0.2493583858013153]",0.015291701071,0.015291701071,True,0,16.3371688686
0,27,1.26232719421,1.59587097168,"[4.950228691101074, 0.001303755328990519, 0.7910897731781006]","[4.950228691101074, 0.001303755328990519, 0.7910897731781006]","[4.950228691101074, 0.001303755328990519, 0.7910897731781006]","[1.2585829496383667, 1.5946317911148071]","[1.2585829496383667, 1.5946317911148071]",0.00278881122358,0.00278881122358,True,0,16.703012865
0,28,0.923421025276,-0.591073513031,"[0.738476037979126, 0.008663228712975979, 0.9566086530685425]","[0.738476037979126, 0.008663228712975979, 0.9566086530685425]","[0.738476037979126, 0.008663228712975979, 0.9566086530685425]","[0.9193733930587769, -0.6008564233779907]","[0.9193733930587769, -0.6008564233779907]",0.0074862758629,0.0074862758629,True,0,13.6140040122
0,29,0.201174259186,0.12864780426,"[5.089654922485352, 0.13440130650997162, 0.9977282881736755]","[5.089654922485352, 0.13440130650997162, 0.9977282881736755]","[5.089654922485352, 0.13440130650997162, 0.9977282881736755]","[0.19898873567581177, 0.4682256281375885]","[0.19898873567581177, 0.4682256281375885]",0.240122750401,0.240122750401,True,0,9.59555804729
0,30,0.390838623047,-0.640078544617,"[2.4653403759002686, 0.12314016371965408, 0.9972752928733826]","[2.4653403759002686, 0.12314016371965408, 0.9972752928733826]","[2.4653403759002686, 0.12314016371965408, 0.9972752928733826]","[0.3894098997116089, -0.6584377884864807]","[0.3894098997116089, -0.6584377884864807]",0.0130211953074,0.0130211953074,True,0,16.2886439357
0,31,0.755759716034,0.425132513046,"[1.8894474506378174, 0.018655117601156235, 0.9790859222412109]","[1.8894474506378174, 0.018655117601156235, 0.9790859222412109]","[1.8894474506378174, 0.018655117601156235, 0.9790859222412109]","[0.7522215843200684, 0.42004796862602234]","[0.7522215843200684, 0.42004796862602234]",0.00438012368977,0.00438012368977,True,0,22.8630718775
0,32,0.963084101677,-1.8414375782,"[0.3245968520641327, 0.007402714807540178, 0.9549848437309265]","[0.3245968520641327, 0.007402714807540178, 0.9549848437309265]","[0.3245968520641327, 0.007402714807540178, 0.9549848437309265]","[0.9474557042121887, -1.8321901559829712]","[0.9474557042121887, -1.8321901559829712]",0.0128405923024,0.0128405923024,True,0,16.8793979101
0,33,1.76100611687,-0.31640291214,"[0.7315931916236877, 0.0007525875698775053, 0.6023102402687073]","[0.7315931916236877, 0.0007525875698775053, 0.6023102402687073]","[0.7315931916236877, 0.0007525875698775053, 0.6023102402687073]","[1.945143461227417, -0.3117159605026245]","[1.945143461227417, -0.3117159605026245]",0.130246937275,0.130246937275,True,0,24.8835240491
0,34,0.916264414787,-0.594049692154,"[0.749178409576416, 0.009009703993797302, 0.9557992219924927]","[0.749178409576416, 0.009009703993797302, 0.9557992219924927]","[0.749178409576416, 0.009009703993797302, 0.9557992219924927]","[0.9170974493026733, -0.5910604596138]","[0.9170974493026733, -0.5910604596138]",0.00219424907118,0.00219424907118,True,0,19.870165037
0,35,0.469787478447,1.86543107033,"[6.987374782562256, 0.015358448028564453, 0.9773855209350586]","[6.987374782562256, 0.015358448028564453, 0.9773855209350586]","[6.987374782562256, 0.015358448028564453, 0.9773855209350586]","[0.46694135665893555, 1.8648743629455566]","[0.46694135665893555, 1.8648743629455566]",0.00205065007322,0.00205065007322,True,0,17.8259718232
0,36,1.1907106638,0.375519990921,"[1.5052490234375, 0.0017971278866752982, 0.823229968547821]","[1.5052490234375, 0.0017971278866752982, 0.823229968547821]","[1.5052490234375, 0.0017971278866752982, 0.823229968547821]","[1.22300386428833, 0.38137251138687134]","[1.22300386428833, 0.38137251138687134]",0.0232067089528,0.0232067089528,True,0,15.8839270007
0,37,1.38453388214,-0.295213699341,"[0.7636349201202393, 0.0012433509109541774, 0.7475478053092957]","[0.7636349201202393, 0.0012433509109541774, 0.7475478053092957]","[0.7636349201202393, 0.0012433509109541774, 0.7475478053092957]","[1.445878505706787, -0.29424741864204407]","[1.445878505706787, -0.29424741864204407]",0.0433825813234,0.0433825813234,True,0,16.8830368202
0,38,1.22229039669,1.36147546768,"[3.9306161403656006, 0.0013681144919246435, 0.781679093837738]","[3.9306161403656006, 0.0013681144919246435, 0.781679093837738]","[3.9306161403656006, 0.0013681144919246435, 0.781679093837738]","[1.2962881326675415, 1.363053321838379]","[1.2962881326675415, 1.363053321838379]",0.0523361936212,0.0523361936212,True,0,13.8949030079
0,39,1.28180956841,1.17743253708,"[3.2738828659057617, 0.0011121080024167895, 0.7353384494781494]","[3.2738828659057617, 0.0011121080024167895, 0.7353384494781494]","[3.2738828659057617, 0.0011121080024167895, 0.7353384494781494]","[1.452799677848816, 1.1817963123321533]","[1.452799677848816, 1.1817963123321533]",0.120947629213,0.120947629213,True,0,10.258641094
0,40,0.797395467758,-0.598965167999,"[0.8845452666282654, 0.01776689663529396, 0.9789921641349792]","[0.8845452666282654, 0.01776689663529396, 0.9789921641349792]","[0.8845452666282654, 0.01776689663529396, 0.9789921641349792]","[0.7940828800201416, -0.5964791774749756]","[0.7940828800201416, -0.5964791774749756]",0.00292859924957,0.00292859924957,True,0,15.0429350324
0,41,0.320232391357,-0.45787024498,"[3.2013394832611084, 0.14297087490558624, 0.997410774230957]","[3.2013394832611084, 0.14297087490558624, 0.997410774230957]","[3.2013394832611084, 0.14297087490558624, 0.997410774230957]","[0.3217005729675293, -0.4086976945400238]","[0.3217005729675293, -0.4086976945400238]",0.0347857400775,0.0347857400775,True,0,16.0632270854
0,42,0.974156022072,-0.987366914749,"[0.5292460918426514, 0.006330002099275589, 0.9453085064888]","[0.5292460918426514, 0.006330002099275589, 0.9453085064888]","[0.5292460918426514, 0.006330002099275589, 0.9453085064888]","[0.9716859459877014, -0.9758847951889038]","[0.9716859459877014, -0.9758847951889038]",0.00830482784659,0.00830482784659,True,0,15.0057389401
0,43,0.371503710747,-1.58665919304,"[2.3743410110473633, 0.13946306705474854, 0.9977156519889832]","[2.3743410110473633, 0.13946306705474854, 0.9977156519889832]","[2.3743410110473633, 0.13946306705474854, 0.9977156519889832]","[0.37128549814224243, -1.5809731483459473]","[0.37128549814224243, -1.5809731483459473]",0.00402360036969,0.00402360036969,True,0,17.2707899474
0,44,1.98343014717,-1.81092190742,"[0.16214628517627716, 0.0008406362612731755, 0.6689743399620056]","[0.16214628517627716, 0.0008406362612731755, 0.6689743399620056]","[0.15778064727783203, 0.001050921157002449, 0.6152786016464233]","[1.7151775360107422, -1.7996759414672852]","[1.895888328552246, -1.8154765367507935]",0.189849853516,0.0619851388037,False,9,130.145112984
0,45,0.058616399765,-1.6652970314,"[7.961241245269775, 0.04939938709139824, 0.994186282157898]","[7.961241245269775, 0.04939938709139824, 0.994186282157898]","[7.961241245269775, 0.04939938709139824, 0.994186282157898]","[0.05683910846710205, 1.6635810136795044]","[0.05683910846710205, 1.6635810136795044]",2.35387253761,2.35387253761,True,0,26.3174979482
0,46,1.14946389198,1.57625961304,"[4.870185852050781, 0.0014629727229475975, 0.8183556795120239]","[4.870185852050781, 0.0014629727229475975, 0.8183556795120239]","[4.870185852050781, 0.0014629727229475975, 0.8183556795120239]","[1.174408197402954, 1.5764319896697998]","[1.174408197402954, 1.5764319896697998]",0.0176387075335,0.0176387075335,True,0,17.8745568264
0,47,0.392607212067,1.86805081367,"[7.1897735595703125, 0.01958310790359974, 0.9830988645553589]","[7.1897735595703125, 0.01958310790359974, 0.9830988645553589]","[7.1897735595703125, 0.01958310790359974, 0.9830988645553589]","[0.3899635076522827, 1.8620179891586304]","[0.3899635076522827, 1.8620179891586304]",0.00465747481212,0.00465747481212,True,0,11.1183470581
0,48,0.765691876411,1.41302418709,"[4.346948146820068, 0.00889146514236927, 0.9580507278442383]","[4.346948146820068, 0.00889146514236927, 0.9580507278442383]","[4.346948146820068, 0.00889146514236927, 0.9580507278442383]","[0.7825272083282471, 1.4153566360473633]","[0.7825272083282471, 1.4153566360473633]",0.0120180845261,0.0120180845261,True,0,17.4217680469
0,49,0.854231357574,-0.701244354248,"[0.7606212496757507, 0.012434451840817928, 0.9699401259422302]","[0.7606212496757507, 0.012434451840817928, 0.9699401259422302]","[0.7606212496757507, 0.012434451840817928, 0.9699401259422302]","[0.8566005229949951, -0.6750126481056213]","[0.8566005229949951, -0.6750126481056213]",0.0186241157353,0.0186241157353,True,0,16.9048509561
0.1,0,1.6108019352,0.720744609833,"[2.0634429454803467, 0.000827235693577677, 0.6609132289886475]","[6.963456630706787, 226.45477294921875, 0.9999949932098389]","[1.97352933883667, 0.004073739051818848, 0.7559001445770264]","[0.0650324821472168, -3.5231997966766357]","[1.3777763843536377, 0.6259728670120239]",3.19378018379,0.177880004048,False,47,144.165361999
0.1,1,0.699809908867,1.54831004143,"[4.988616943359375, 0.010461442172527313, 0.9689536094665527]","[9.708211898803711, 211.4311981201172, 0.9999951124191284]","[4.718402862548828, 0.020518863573670387, 0.9568469524383545]","[0.0650324821472168, -3.5231997966766357]","[0.6524852514266968, 1.4324949979782104]",3.61408042908,0.0884667932987,False,33,135.076683946
0.1,2,0.970022797585,-0.134967565536,"[1.0220656394958496, 0.005806857254356146, 0.9348754286766052]","[6.11246395111084, 244.2584228515625, 0.9999960660934448]","[1.0160915851593018, 0.00616934709250927, 0.9441389441490173]","[0.0650324821472168, -3.5231997966766357]","[0.9624489545822144, -0.14415624737739563]",2.47983121872,0.00842006411403,False,33,129.887515912
0.1,3,0.145107030869,0.781837940216,"[6.560544490814209, 0.0865493193268776, 0.9961391091346741]","[11.146170616149902, 200.56521606445312, 0.9999910593032837]","[6.443674087524414, 0.07019349187612534, 0.9926563501358032]","[0.0650324821472168, -3.5231997966766357]","[0.21499598026275635, 1.3797281980514526]",3.04464769363,0.425650805235,False,33,126.920090988
0.1,4,1.04496157169,-1.49887108803,"[0.33641570806503296, 0.0047097718343138695, 0.9291476607322693]","[5.452516078948975, 246.1393280029297, 0.9999966621398926]","[0.39487171173095703, 0.003188442438840866, 0.9140944480895996]","[0.0650324821472168, -3.5231997966766357]","[1.065315842628479, -1.2033507823944092]",1.59030926228,0.209459483624,False,44,131.529749837
0.1,5,1.87544727325,1.14562177658,"[3.144686222076416, 0.0009210541029460728, 0.6545755863189697]","[7.955531120300293, 218.8934783935547, 0.999995768070221]","[3.0105810165405273, 0.004260329529643059, 0.7012741565704346]","[0.0650324821472168, -3.5231997966766357]","[1.5592334270477295, 1.055644154548645]",3.54086828232,0.232472762465,False,33,128.775402904
0.1,6,1.34836030006,0.680509090424,"[1.9966628551483154, 0.001352810300886631, 0.7841481566429138]","[7.051295280456543, 241.1837158203125, 0.9999970197677612]","[2.1979293823242188, 0.003492560237646103, 0.7129814624786377]","[0.0650324821472168, -3.5231997966766357]","[1.5236380100250244, 0.7440509796142578]",3.10790085793,0.131832942367,False,33,131.310679018
0.1,7,1.09356486797,-0.978704452515,"[0.4681086242198944, 0.0035721503663808107, 0.8994497656822205]","[5.6466522216796875, 252.37948608398438, 0.9999961853027344]","[0.6885092258453369, 0.004781344905495644, 0.8490309715270996]","[0.0650324821472168, -3.5231997966766357]","[1.1690791845321655, -0.5296213626861572]",1.94066166878,0.322007775307,False,26,121.494818013
0.1,8,1.77303254604,0.605893611908,"[1.835150957107544, 0.0008660806925036013, 0.6979833841323853]","[6.726197719573975, 225.56346130371094, 0.9999960064888]","[1.823335886001587, 0.002508813515305519, 0.6677606105804443]","[0.0650324821472168, -3.5231997966766357]","[1.7004458904266357, 0.5697348713874817]",3.15964198112,0.0573422908783,False,44,135.426260997
0.1,9,1.64437627792,-0.141121864319,"[0.869411826133728, 0.0008470219327136874, 0.6780110597610474]","[5.918489933013916, 240.2745361328125, 0.9999964237213135]","[0.8904296159744263, 0.002640359103679657, 0.6858983039855957]","[0.0650324821472168, -3.5231997966766357]","[1.640733242034912, -0.16765229403972626]",2.63939166069,0.0189358834177,False,29,131.586991949
0.1,10,1.81752705574,1.46806073189,"[4.339208602905273, 0.0007004767539910972, 0.5883130431175232]","[9.077275276184082, 212.7919158935547, 0.9999964833259583]","[4.087759017944336, 0.0017945710569620132, 0.739273190498352]","[0.0650324821472168, -3.5231997966766357]","[1.4342979192733765, 1.397937536239624]",3.74058270454,0.275483071804,False,36,121.28125201
0.1,11,1.96917140484,-1.06430578232,"[0.34638065099716187, 0.0007956677000038326, 0.6437404155731201]","[5.430088043212891, 243.04286193847656, 0.9999958276748657]","[7.908869743347168, -0.019655989482998848, 0.9234628677368164]","[0.0650324821472168, -3.5231997966766357]","[0.8311126828193665, 2.224008321762085]",2.19907999039,2.46050667763,False,54,146.27364208
0.1,12,1.20067739487,-0.224704742432,"[0.8475859761238098, 0.001659737667068839, 0.8327949047088623]","[5.935032367706299, 243.7028350830078, 0.9999962449073792]","[0.8600685596466064, 0.0019350498914718628, 0.8395307064056396]","[0.0650324821472168, -3.5231997966766357]","[1.2042449712753296, -0.2091384083032608]",2.46675491333,0.0112924398854,False,30,128.005509032
0.1,13,1.18298184872,-1.37688755989,"[0.3058070242404938, 0.0021829346660524607, 0.8417224884033203]","[5.468723773956299, 250.92214965820312, 0.9999956488609314]","[0.5132389068603516, 0.004847431555390358, 0.8179559707641602]","[0.0650324821472168, -3.5231997966766357]","[1.242568850517273, -0.8555120825767517]",1.7112082243,0.371068060398,False,33,123.602225212
0.1,14,1.62843906879,0.58690738678,"[1.8029437065124512, 0.0010181802790611982, 0.7213289737701416]","[6.793720722198486, 234.8319854736328, 0.9999963641166687]","[1.8521559238433838, 0.0029768329113721848, 0.6792073845863342]","[0.0650324821472168, -3.5231997966766357]","[1.6545298099517822, 0.5778082609176636]",3.1094391346,0.0195386912674,False,41,138.991759857
0.1,15,0.626592516899,-1.77805352211,"[0.9059152007102966, 0.04827723279595375, 0.9925979971885681]","[5.956829071044922, 240.57411193847656, 0.9999937415122986]","[1.1115334033966064, 0.03327912464737892, 0.9854227900505066]","[0.0650324821472168, -3.5231997966766357]","[0.6877692937850952, -0.584174633026123]",1.29631888866,0.845307469368,False,44,136.278399965
0.1,16,0.793452739716,-1.22287893295,"[0.6440168023109436, 0.018909724429249763, 0.9810105562210083]","[5.660290718078613, 236.77609252929688, 0.9999951124191284]","[0.6979517936706543, 0.017409881576895714, 0.9740718007087708]","[0.0650324821472168, -3.5231997966766357]","[0.8107556104660034, -0.990263819694519]",1.70617592335,0.164938136935,False,69,165.303962072
0.1,17,0.666797161102,-1.3957092762,"[0.8631208539009094, 0.03754154592752457, 0.9909141063690186]","[5.947283744812012, 243.33941650390625, 0.9999939799308777]","[1.0177613496780396, 0.02779809571802616, 0.9814656376838684]","[0.0650324821472168, -3.5231997966766357]","[0.7239309549331665, -0.6149505972862244]",1.56338357925,0.553555905819,False,42,135.219441028
0.1,18,1.18247234821,1.39818835258,"[4.079082012176514, 0.0017636737320572138, 0.8333531618118286]","[8.806927680969238, 211.63967895507812, 0.9999953508377075]","[4.035429000854492, 0.0005730446428060532, 0.7731236815452576]","[0.0650324821472168, -3.5231997966766357]","[1.3279519081115723, 1.3977652788162231]",3.56852459908,0.10287001729,False,50,136.732127983
0.1,19,0.98117351532,1.01310491562,"[2.8624658584594727, 0.0041602072305977345, 0.9214109778404236]","[7.738272666931152, 224.62814331054688, 0.9999954700469971]","[2.8282055854797363, 0.007686551660299301, 0.8901172876358032]","[0.0650324821472168, -3.5231997966766357]","[1.0012894868850708, 0.9629794955253601]",3.27241277695,0.0381916873157,False,39,136.526836781
0.1,20,1.84160423279,1.96215844154,"[7.11768913269043, 0.0007307734340429306, 0.619502604007721]","[11.643218994140625, 195.32858276367188, 0.9999940991401672]","[6.94876766204834, 0.004260526970028877, 0.9058204889297485]","[0.0650324821472168, -3.5231997966766357]","[0.7890580296516418, 1.9206234216690063]",4.07709217072,0.744841873646,False,44,133.555470034
0.1,21,1.48104608059,-0.0195467472076,"[0.9875261187553406, 0.0011424978729337454, 0.746679425239563]","[6.064250946044922, 242.62857055664062, 0.9999966025352478]","[0.9973869323730469, 0.0026409458369016647, 0.7488393783569336]","[0.0650324821472168, -3.5231997966766357]","[1.4283897876739502, -0.05348516255617142]",2.67214131355,0.0442972965539,False,56,137.268400984
0.1,22,0.526807188988,-1.64075136185,"[1.3216627836227417, 0.07856908440589905, 0.9953161478042603]","[6.368826866149902, 239.91854858398438, 0.9999924302101135]","[1.4475173950195312, 0.06030276417732239, 0.9803304076194763]","[0.0650324821472168, -3.5231997966766357]","[0.5861163139343262, -0.640233039855957]",1.3705561161,0.708715200424,False,39,118.456911063
0.1,23,1.21033799648,0.2413585186,"[1.3195853233337402, 0.001841688179410994, 0.833681046962738]","[6.336962699890137, 237.25814819335938, 0.999996542930603]","[1.3371186256408691, 0.0040541887283325195, 0.808459997177124]","[0.0650324821472168, -3.5231997966766357]","[1.2463109493255615, 0.2204725593328476]",2.78241109848,0.0294132344425,False,29,133.220379008
0.1,24,1.24013137817,1.97806930542,"[7.241131782531738, 0.0011340726632624865, 0.7522823214530945]","[11.71395492553711, 190.84359741210938, 0.9999936819076538]","[7.176833152770996, 0.005338987335562706, 0.9164783954620361]","[0.0650324821472168, -3.5231997966766357]","[0.7214565277099609, 1.9456827640533447]",3.97773933411,0.36747276783,False,48,139.863533899
0.1,25,1.8783390522,1.09949707985,"[3.004338264465332, 0.0007637106464244425, 0.6352095007896423]","[7.91065788269043, 227.47702026367188, 0.9999973773956299]","[2.8892409801483154, 0.0036855414509773254, 0.6963935494422913]","[0.0650324821472168, -3.5231997966766357]","[1.5812475681304932, 1.020612359046936]",3.51122522354,0.21735471487,False,51,143.976245075
0.1,26,0.304980754852,-0.270941257477,"[3.4669253826141357, 0.14421983063220978, 0.9977715611457825]","[8.285164833068848, 219.65737915039062, 0.9999891519546509]","[3.575188398361206, 0.07963843643665314, 0.9939603805541992]","[0.0650324821472168, -3.5231997966766357]","[0.41770482063293457, 0.7447612285614014]",2.30594468117,0.722619652748,False,38,131.04126486
0.1,27,1.26232719421,1.59587097168,"[4.950228691101074, 0.001303755328990519, 0.7910897731781006]","[9.562691688537598, 201.69207763671875, 0.9999961256980896]","[4.6873064041137695, 0.0012959334999322891, 0.8444433808326721]","[0.0650324821472168, -3.5231997966766357]","[1.1064577102661133, 1.539057970046997]",3.71741843224,0.117309451103,False,45,130.222707987
0.1,28,0.923421025276,-0.591073513031,"[0.738476037979126, 0.008663228712975979, 0.9566086530685425]","[5.864438056945801, 247.30638122558594, 0.9999954700469971]","[0.6893250942230225, 0.011240465566515923, 0.9616643786430359]","[0.0650324821472168, -3.5231997966766357]","[0.8852024674415588, -0.7795965075492859]",2.16034674644,0.136017605662,False,45,124.514673837
0.1,29,0.201174259186,0.12864780426,"[5.089654922485352, 0.13440130650997162, 0.9977282881736755]","[9.802680015563965, 210.75634765625, 0.9999907612800598]","[5.6804704666137695, 0.0225689634680748, 0.9999356865882874]","[0.0650324821472168, -3.5231997966766357]","[0.4831168055534363, 1.6327812671661377]",2.58403992653,1.08210659027,False,37,131.770208012
0.1,30,0.390838623047,-0.640078544617,"[2.4653403759002686, 0.12314016371965408, 0.9972752928733826]","[7.411412239074707, 231.29708862304688, 0.999991238117218]","[2.4917595386505127, 0.08884665369987488, 0.9900513887405396]","[0.0650324821472168, -3.5231997966766357]","[0.460246205329895, 0.06626328825950623]",2.05165028572,0.501864671707,False,72,161.124021048
0.1,31,0.755759716034,0.425132513046,"[1.8894474506378174, 0.018655117601156235, 0.9790859222412109]","[6.847305774688721, 231.93698120117188, 0.9999951720237732]","[1.8872954845428467, 0.02722686156630516, 0.9724116325378418]","[0.0650324821472168, -3.5231997966766357]","[0.7081800103187561, 0.32486802339553833]",2.83429288864,0.0784754604101,False,47,142.805967014
0.1,32,0.963084101677,-1.8414375782,"[0.3245968520641327, 0.007402714807540178, 0.9549848437309265]","[5.366402626037598, 239.1199188232422, 0.9999952912330627]","[0.4348320960998535, 0.006615258753299713, 0.935776948928833]","[0.0650324821472168, -3.5231997966766357]","[0.9902938008308411, -1.2808176279067993]",1.34811365604,0.396884799004,False,39,129.917714978
0.1,33,1.76100611687,-0.31640291214,"[0.7315931916236877, 0.0007525875698775053, 0.6023102402687073]","[5.895166397094727, 251.1436767578125, 0.9999969005584717]","[8.372807502746582, -0.010362988337874413, 1.0222809314727783]","[0.0650324821472168, -3.5231997966766357]","[0.4156843423843384, 2.2039904594421387]",2.56513857841,2.02018237114,False,48,148.778817849
0.1,34,0.916264414787,-0.594049692154,"[0.749178409576416, 0.009009703993797302, 0.9557992219924927]","[5.765603542327881, 236.7671661376953, 0.9999955296516418]","[0.6996328830718994, 0.011413626372814178, 0.962443470954895]","[0.0650324821472168, -3.5231997966766357]","[0.8817610144615173, -0.7634315490722656]",2.15690946579,0.1222307235,False,38,128.982815892
0.1,35,0.469787478447,1.86543107033,"[6.987374782562256, 0.015358448028564453, 0.9773855209350586]","[11.502392768859863, 194.4832000732422, 0.9999924302101135]","[6.661090850830078, 0.04704352095723152, 0.9837018251419067]","[0.0650324821472168, -3.5231997966766357]","[0.2918897271156311, 1.5992448329925537]",3.82107114792,0.226387634873,False,52,152.651128126
0.1,36,1.1907106638,0.375519990921,"[1.5052490234375, 0.0017971278866752982, 0.823229968547821]","[6.494910717010498, 234.5821075439453, 0.9999963641166687]","[1.507757544517517, 0.004687206819653511, 0.8151459097862244]","[0.0650324821472168, -3.5231997966766357]","[1.2212095260620117, 0.33554306626319885]",2.86942219734,0.0355551354587,False,35,136.140181217
0.1,37,1.38453388214,-0.295213699341,"[0.7636349201202393, 0.0012433509109541774, 0.7475478053092957]","[5.863034725189209, 244.8125, 0.9999960064888]","[0.7856695652008057, 0.0028088539838790894, 0.7728513479232788]","[0.0650324821472168, -3.5231997966766357]","[1.3624727725982666, -0.3120971918106079]",2.46586489677,0.0196436364204,False,59,158.565119142
0.1,38,1.22229039669,1.36147546768,"[3.9306161403656006, 0.0013681144919246435, 0.781679093837738]","[8.689355850219727, 214.36944580078125, 0.9999961256980896]","[2.7252328395843506, 0.06177996098995209, 0.9688888192176819]","[0.0650324821472168, -3.5231997966766357]","[0.5444000363349915, 0.49627670645713806]",3.54959845543,0.77720785141,False,47,142.062651925
0.1,39,1.28180956841,1.17743253708,"[3.2738828659057617, 0.0011121080024167895, 0.7353384494781494]","[8.106560707092285, 220.7684326171875, 0.999997079372406]","[3.2563436031341553, 0.0022654682397842407, 0.7766082882881165]","[0.0650324821472168, -3.5231997966766357]","[1.31074059009552, 1.1630830764770508]",3.43340134621,0.0228354018182,False,31,133.507143939
0.1,40,0.797395467758,-0.598965167999,"[0.8845452666282654, 0.01776689663529396, 0.9789921641349792]","[5.943136692047119, 240.87709045410156, 0.9999943375587463]","[0.8885194063186646, 0.019335266202688217, 0.9742255210876465]","[0.0650324821472168, -3.5231997966766357]","[0.7902960777282715, -0.6286550164222717]",2.13160777092,0.021585740149,False,28,118.390647927
0.1,41,0.320232391357,-0.45787024498,"[3.2013394832611084, 0.14297087490558624, 0.997410774230957]","[7.993921279907227, 217.4293670654297, 0.9999904036521912]","[3.7840898036956787, 0.02762787789106369, 1.0009574890136719]","[0.0650324821472168, -3.5231997966766357]","[0.5773170590400696, 1.1713216304779053]",2.17501401901,1.16626727581,False,44,141.081494978
0.1,42,0.974156022072,-0.987366914749,"[0.5292460918426514, 0.006330002099275589, 0.9453085064888]","[5.657375335693359, 247.55050659179688, 0.9999955892562866]","[0.5783848762512207, 0.006455941125750542, 0.9344958662986755]","[0.0650324821472168, -3.5231997966766357]","[0.9903937578201294, -0.843198299407959]",1.90485620499,0.102587170899,False,39,132.201293949
0.1,43,0.371503710747,-1.58665919304,"[2.3743410110473633, 0.13946306705474854, 0.9977156519889832]","[7.462953567504883, 244.47862243652344, 0.999991774559021]","[2.472353458404541, 0.08859216421842575, 0.9898700714111328]","[0.0650324821472168, -3.5231997966766357]","[0.4619563817977905, 0.0541435070335865]",1.38638269901,1.16198432446,False,38,137.40475988
0.1,44,1.98343014717,-1.81092190742,"[0.16214628517627716, 0.0008406362612731755, 0.6689743399620056]","[5.286841869354248, 246.7832489013672, 0.9999969005584717]","[0.3369171619415283, 0.004013005644083023, 0.6216926574707031]","[0.0650324821472168, -3.5231997966766357]","[1.8643214702606201, -1.2711234092712402]",1.81826090813,0.39087677002,False,46,134.88076604
0.1,45,0.058616399765,-1.6652970314,"[7.961241245269775, 0.04939938709139824, 0.994186282157898]","[12.292825698852539, 179.4580841064453, 0.9999911785125732]","[8.101081848144531, 0.029442308470606804, 0.9911653995513916]","[0.0650324821472168, -3.5231997966766357]","[0.14646118879318237, 1.8562767505645752]",1.3137434721,2.49090337753,False,48,127.469197148
0.1,46,1.14946389198,1.57625961304,"[4.870185852050781, 0.0014629727229475975, 0.8183556795120239]","[9.6443510055542, 216.208251953125, 0.9999954700469971]","[4.675991058349609, 0.0012112818658351898, 0.8464179039001465]","[0.0650324821472168, -3.5231997966766357]","[1.1021642684936523, 1.5373263359069824]",3.68649411201,0.043318901211,False,37,115.631856024
0.1,47,0.392607212067,1.86805081367,"[7.1897735595703125, 0.01958310790359974, 0.9830988645553589]","[11.608750343322754, 186.5028076171875, 0.9999931454658508]","[7.571341514587402, 0.006813529878854752, 0.9452705979347229]","[0.0650324821472168, -3.5231997966766357]","[0.566257655620575, 1.9882526397705078]",3.81922030449,0.149336785078,False,29,155.014685122
0.1,48,0.765691876411,1.41302418709,"[4.346948146820068, 0.00889146514236927, 0.9580507278442383]","[9.053707122802734, 210.00558471679688, 0.9999948740005493]","[3.8402323722839355, 0.06841157376766205, 0.9874764084815979]","[0.0650324821472168, -3.5231997966766357]","[0.4396021366119385, 0.9219951033592224]",3.5254240036,0.416799753904,False,45,156.296960078
0.1,49,0.854231357574,-0.701244354248,"[0.7606212496757507, 0.012434451840817928, 0.9699401259422302]","[5.846399307250977, 243.7748565673828, 0.999995231628418]","[0.7459805011749268, 0.014253324829041958, 0.9695394039154053]","[0.0650324821472168, -3.5231997966766357]","[0.8417837023735046, -0.7596122026443481]",2.07198786736,0.0422004126012,False,34,135.896846186
0.2,0,1.6108019352,0.720744609833,"[2.0634429454803467, 0.000827235693577677, 0.6609132289886475]","[11.90020751953125, 408.2995300292969, 0.9999960064888]","[2.112504005432129, 0.004754668101668358, 0.691653847694397]","[0.0650324821472168, -3.5231997966766357]","[1.5963869094848633, 0.6831738948822021]",3.19378018379,0.0284548029304,False,46,148.603731068
0.2,1,0.699809908867,1.54831004143,"[4.988616943359375, 0.010461442172527313, 0.9689536094665527]","[14.354969024658203, 372.5845947265625, 0.9999949932098389]","[5.36381196975708, 0.0021603628993034363, 0.9577747583389282]","[0.0650324821472168, -3.5231997966766357]","[0.791656494140625, 1.6748967170715332]",3.61408042908,0.110589288175,False,33,138.41437106
0.2,2,0.970022797585,-0.134967565536,"[1.0220656394958496, 0.005806857254356146, 0.9348754286766052]","[11.176797866821289, 434.4755859375, 0.9999964237213135]","[1.1027894020080566, 0.008851911872625351, 0.9347749948501587]","[0.0650324821472168, -3.5231997966766357]","[0.9510361552238464, -0.0973803848028183]",2.47983121872,0.0297765750438,False,44,141.998434905
0.2,3,0.145107030869,0.781837940216,"[6.560544490814209, 0.0865493193268776, 0.9961391091346741]","[15.692046165466309, 355.7970275878906, 0.9999924898147583]","[6.339999198913574, 0.06998097896575928, 0.9850170016288757]","[0.0650324821472168, -3.5231997966766357]","[0.24134737253189087, 1.3653943538665771]",3.04464769363,0.418210655451,False,33,137.426467845
0.2,4,1.04496157169,-1.49887108803,"[0.33641570806503296, 0.0047097718343138695, 0.9291476607322693]","[10.617122650146484, 443.8135681152344, 0.9999967217445374]","[0.5354299545288086, 0.005393514409661293, 0.9187952280044556]","[0.0650324821472168, -3.5231997966766357]","[1.0324822664260864, -0.8929058909416199]",1.59030926228,0.428572952747,False,48,140.889779897
0.2,5,1.87544727325,1.14562177658,"[3.144686222076416, 0.0009210541029460728, 0.6545755863189697]","[12.796587944030762, 393.884033203125, 0.9999960660934448]","[2.946096181869507, 0.005973100662231445, 0.714687705039978]","[0.0650324821472168, -3.5231997966766357]","[1.4985629320144653, 1.0119026899337769]",3.54086828232,0.282774299383,False,35,121.410114923
0.2,6,1.34836030006,0.680509090424,"[1.9966628551483154, 0.001352810300886631, 0.7841481566429138]","[12.064067840576172, 427.70697021484375, 0.9999970197677612]","[2.002049684524536, 0.007484614849090576, 0.7800050377845764]","[0.0650324821472168, -3.5231997966766357]","[1.2825660705566406, 0.5908055305480957]",3.10790085793,0.078662596643,False,49,137.842647033
0.2,7,1.09356486797,-0.978704452515,"[0.4681086242198944, 0.0035721503663808107, 0.8994497656822205]","[10.775996208190918, 447.00994873046875, 0.9999962449073792]","[0.5603139400482178, 0.004400232806801796, 0.917798638343811]","[0.0650324821472168, -3.5231997966766357]","[1.0428606271743774, -0.7953421473503113]",1.94066166878,0.134522587061,False,45,134.359639138
0.2,8,1.77303254604,0.605893611908,"[1.835150957107544, 0.0008660806925036013, 0.6979833841323853]","[11.630768775939941, 404.7783203125, 0.9999961256980896]","[1.9431445598602295, 0.004792027175426483, 0.6060757040977478]","[0.0650324821472168, -3.5231997966766357]","[1.9251084327697754, 0.5944114923477173]",3.15964198112,0.10783996433,False,29,148.951063165
0.2,9,1.64437627792,-0.141121864319,"[0.869411826133728, 0.0008470219327136874, 0.6780110597610474]","[11.051460266113281, 436.3620300292969, 0.9999967813491821]","[0.8948415517807007, 0.003749774768948555, 0.7425938248634338]","[0.0650324821472168, -3.5231997966766357]","[1.4437013864517212, -0.19481372833251953]",2.63939166069,0.146889805794,False,50,141.882330179
0.2,10,1.81752705574,1.46806073189,"[4.339208602905273, 0.0007004767539910972, 0.5883130431175232]","[13.786812782287598, 378.23004150390625, 0.999996542930603]","[3.976743698120117, 0.002692360430955887, 0.7568206787109375]","[0.0650324821472168, -3.5231997966766357]","[1.3674554824829102, 1.3608710765838623]",3.74058270454,0.327149838209,False,60,159.739187919
0.2,11,1.96917140484,-1.06430578232,"[0.34638065099716187, 0.0007956677000038326, 0.6437404155731201]","[10.555622100830078, 437.9709777832031, 0.9999964237213135]","[6.252837181091309, -0.003139173611998558, 0.7671629786491394]","[0.0650324821472168, -3.5231997966766357]","[1.3355916738510132, 1.8706209659576416]",2.19907999039,2.12311315536,False,55,150.07721819
0.2,12,1.20067739487,-0.224704742432,"[0.8475859761238098, 0.001659737667068839, 0.8327949047088623]","[11.009775161743164, 434.4226379394531, 0.9999967813491821]","[1.0931109189987183, 0.007843703031539917, 0.7971551418304443]","[0.0650324821472168, -3.5231997966766357]","[1.256448745727539, -0.0747530460357666]",2.46675491333,0.113128148019,False,66,154.490364017
0.2,13,1.18298184872,-1.37688755989,"[0.3058070242404938, 0.0021829346660524607, 0.8417224884033203]","[10.646916389465332, 449.7804260253906, 0.9999958872795105]","[0.6622161865234375, 0.007208887487649918, 0.7946392893791199]","[0.0650324821472168, -3.5231997966766357]","[1.2801628112792969, -0.6331666707992554]",1.7112082243,0.530360639095,False,58,143.636815948
0.2,14,1.62843906879,0.58690738678,"[1.8029437065124512, 0.0010181802790611982, 0.7213289737701416]","[11.751206398010254, 417.197998046875, 0.999996542930603]","[1.8729519844055176, 0.004955587908625603, 0.6911922097206116]","[0.0650324821472168, -3.5231997966766357]","[1.5988972187042236, 0.5562576055526733]",3.1094391346,0.0301009137183,False,58,139.447659953
0.2,15,0.626592516899,-1.77805352211,"[0.9059152007102966, 0.04827723279595375, 0.9925979971885681]","[11.031676292419434, 431.5403137207031, 0.9999955296516418]","[1.067885398864746, 0.050821490585803986, 0.9751785397529602]","[0.0650324821472168, -3.5231997966766357]","[0.6360863447189331, -1.233315110206604]",1.29631888866,0.38524672389,False,40,156.017504167
0.2,16,0.793452739716,-1.22287893295,"[0.6440168023109436, 0.018909724429249763, 0.9810105562210083]","[10.660649299621582, 421.86981201171875, 0.9999963045120239]","[7.829297065734863, -0.015009379014372826, 1.0714938640594482]","[0.0650324821472168, -3.5231997966766357]","[0.44255417585372925, 2.1746997833251953]",1.70617592335,2.41522979736,False,68,159.105091123
0.2,17,0.666797161102,-1.3957092762,"[0.8631208539009094, 0.03754154592752457, 0.9909141063690186]","[10.872056007385254, 421.8028564453125, 0.9999951720237732]","[1.0604422092437744, 0.026934655383229256, 0.9758505821228027]","[0.0650324821472168, -3.5231997966766357]","[0.7351841926574707, -0.5229595899581909]",1.56338357925,0.619018852711,False,36,143.140095053
0.2,18,1.18247234821,1.39818835258,"[4.079082012176514, 0.0017636737320572138, 0.8333531618118286]","[13.574358940124512, 381.65972900390625, 0.9999958276748657]","[2.7942018508911133, 0.06824254244565964, 0.9646444916725159]","[0.0650324821472168, -3.5231997966766357]","[0.5300547480583191, 0.4672955572605133]",3.56852459908,0.80380666256,False,33,139.194946969
0.2,19,0.98117351532,1.01310491562,"[2.8624658584594727, 0.0041602072305977345, 0.9214109778404236]","[12.578885078430176, 398.8909606933594, 0.9999954104423523]","[3.059499502182007, 0.008197112008929253, 0.7986034750938416]","[0.0650324821472168, -3.5231997966766357]","[1.2069586515426636, 1.0329793691635132]",3.27241277695,0.160271525383,False,33,129.999977071
0.2,20,1.84160423279,1.96215844154,"[7.11768913269043, 0.0007307734340429306, 0.619502604007721]","[16.11779022216797, 345.87030029296875, 0.9999944567680359]","[6.924333572387695, 0.001680692657828331, 0.7305400371551514]","[0.0650324821472168, -3.5231997966766357]","[1.3823217153549194, 1.9294166564941406]",4.07709217072,0.325585961342,False,39,128.055154113
0.2,21,1.48104608059,-0.0195467472076,"[0.9875261187553406, 0.0011424978729337454, 0.746679425239563]","[11.0842866897583, 428.87054443359375, 0.9999967217445374]","[1.0631440877914429, 0.004502411931753159, 0.7550868391990662]","[0.0650324821472168, -3.5231997966766357]","[1.3967225551605225, -0.028930949047207832]",2.67214131355,0.0599938333035,False,38,134.35754599
0.2,22,0.526807188988,-1.64075136185,"[1.3216627836227417, 0.07856908440589905, 0.9953161478042603]","[11.479792594909668, 434.70098876953125, 0.9999947547912598]","[1.4791746139526367, 0.06156381219625473, 0.9722002148628235]","[0.0650324821472168, -3.5231997966766357]","[0.5931498408317566, -0.6228184103965759]",1.3705561161,0.721314311028,False,37,137.454865035
0.2,23,1.21033799648,0.2413585186,"[1.3195853233337402, 0.001841688179410994, 0.833681046962738]","[11.350017547607422, 423.6263427734375, 0.9999966621398926]","[1.417188048362732, 0.006697734817862511, 0.8003658652305603]","[0.0650324821472168, -3.5231997966766357]","[1.24648916721344, 0.23536022007465363]",2.78241109848,0.0259122233838,False,60,153.93534489
0.2,24,1.24013137817,1.97806930542,"[7.241131782531738, 0.0011340726632624865, 0.7522823214530945]","[16.13382911682129, 338.13397216796875, 0.9999934434890747]","[7.219536781311035, 0.0034065265208482742, 0.9205166697502136]","[0.0650324821472168, -3.5231997966766357]","[0.7225766777992249, 1.9663362503051758]",3.97773933411,0.366060465574,False,35,140.473169973
0.2,25,1.8783390522,1.09949707985,"[3.004338264465332, 0.0007637106464244425, 0.6352095007896423]","[12.779497146606445, 403.9874572753906, 0.9999973773956299]","[2.9637553691864014, 0.003648415207862854, 0.6426391005516052]","[0.0650324821472168, -3.5231997966766357]","[1.794184684753418, 1.0447771549224854]",3.51122522354,0.0709796696901,False,33,136.798476102
0.2,26,0.304980754852,-0.270941257477,"[3.4669253826141357, 0.14421983063220978, 0.9977715611457825]","[13.030949592590332, 387.02508544921875, 0.9999927282333374]","[3.9616246223449707, 0.02996004745364189, 1.001870036125183]","[0.0650324821472168, -3.5231997966766357]","[0.5535907745361328, 1.2104545831680298]",2.30594468117,1.0621535778,False,64,162.912253058
0.2,27,1.26232719421,1.59587097168,"[4.950228691101074, 0.001303755328990519, 0.7910897731781006]","[14.250855445861816, 367.0250549316406, 0.9999963641166687]","[5.0698370933532715, 0.0007433313876390457, 0.6670575141906738]","[0.0650324821472168, -3.5231997966766357]","[1.7085776329040527, 1.6227744817733765]",3.71741843224,0.316119641066,False,37,138.942304067
0.2,28,0.923421025276,-0.591073513031,"[0.738476037979126, 0.008663228712975979, 0.9566086530685425]","[10.921966552734375, 436.174072265625, 0.9999964833259583]","[0.8703528642654419, 0.0084796492010355, 0.9393715858459473]","[0.0650324821472168, -3.5231997966766357]","[0.9520304203033447, -0.3798295855522156]",2.16034674644,0.15073569119,False,46,142.307413975
0.2,29,0.201174259186,0.12864780426,"[5.089654922485352, 0.13440130650997162, 0.9977282881736755]","[14.463269233703613, 372.61474609375, 0.9999927878379822]","[5.869626045227051, 0.004857782274484634, 0.9680881500244141]","[0.0650324821472168, -3.5231997966766357]","[0.7030816078186035, 1.7533575296401978]",2.58403992653,1.20241272449,False,35,136.99353789
0.2,30,0.390838623047,-0.640078544617,"[2.4653403759002686, 0.12314016371965408, 0.9972752928733826]","[12.366022109985352, 414.10748291015625, 0.9999943971633911]","[2.3866019248962402, 0.08718857169151306, 0.9793184399604797]","[0.0650324821472168, -3.5231997966766357]","[0.48397135734558105, -0.011460079811513424]",2.05165028572,0.449352234602,False,48,145.597758936
0.2,31,0.755759716034,0.425132513046,"[1.8894474506378174, 0.018655117601156235, 0.9790859222412109]","[11.876189231872559, 420.4371643066406, 0.9999958276748657]","[1.9985263347625732, 0.012836594134569168, 0.9553505778312683]","[0.0650324821472168, -3.5231997966766357]","[0.841280460357666, 0.5413410663604736]",2.83429288864,0.102025061846,False,32,130.919129122
0.2,32,0.963084101677,-1.8414375782,"[0.3245968520641327, 0.007402714807540178, 0.9549848437309265]","[10.497215270996094, 434.8021240234375, 0.9999964833259583]","[0.7704639434814453, 0.010459206998348236, 0.8799381256103516]","[0.0650324821472168, -3.5231997966766357]","[1.0582574605941772, -0.5677247643470764]",1.34811365604,0.90316182375,False,39,131.750616943
0.2,33,1.76100611687,-0.31640291214,"[0.7315931916236877, 0.0007525875698775053, 0.6023102402687073]","[11.007854461669922, 444.4704284667969, 0.999997079372406]","[0.8409409523010254, 0.004238996654748917, 0.6614093780517578]","[0.0650324821472168, -3.5231997966766357]","[1.7219276428222656, -0.2687399983406067]",2.56513857841,0.0435825660825,False,56,154.707205016
0.2,34,0.916264414787,-0.594049692154,"[0.749178409576416, 0.009009703993797302, 0.9557992219924927]","[10.857433319091797, 429.7991638183594, 0.9999963641166687]","[0.7369294166564941, 0.012089768424630165, 0.9611364603042603]","[0.0650324821472168, -3.5231997966766357]","[0.8766556978225708, -0.7063401341438293]",2.15690946579,0.0841961801052,False,37,127.712481888
0.2,35,0.469787478447,1.86543107033,"[6.987374782562256, 0.015358448028564453, 0.9773855209350586]","[15.885364532470703, 338.1700439453125, 0.9999921321868896]","[6.654424667358398, 0.035573095083236694, 0.9753333330154419]","[0.0650324821472168, -3.5231997966766357]","[0.366016685962677, 1.6829255819320679]",3.82107114792,0.148453071713,False,45,131.87683979
0.2,36,1.1907106638,0.375519990921,"[1.5052490234375, 0.0017971278866752982, 0.823229968547821]","[11.452265739440918, 416.8262023925781, 0.9999970197677612]","[1.2583694458007812, 0.0036052167415618896, 0.9328492283821106]","[0.0650324821472168, -3.5231997966766357]","[1.0030548572540283, 0.147153839468956]",2.86942219734,0.209004551172,False,57,150.271816878
0.2,37,1.38453388214,-0.295213699341,"[0.7636349201202393, 0.0012433509109541774, 0.7475478053092957]","[10.95042610168457, 436.7026062011719, 0.9999964237213135]","[7.857967376708984, -0.01977701671421528, 0.9249898195266724]","[0.0650324821472168, -3.5231997966766357]","[0.8355935215950012, 2.218205690383911]",2.46586489677,1.8191498518,False,53,136.442420073
0.2,38,1.22229039669,1.36147546768,"[3.9306161403656006, 0.0013681144919246435, 0.781679093837738]","[13.453068733215332, 383.988037109375, 0.9999966025352478]","[3.3961215019226074, 0.012834702618420124, 0.873194694519043]","[0.0650324821472168, -3.5231997966766357]","[0.9777146577835083, 1.1093628406524658]",3.54959845543,0.248372778296,False,51,138.815812999
0.2,39,1.28180956841,1.17743253708,"[3.2738828659057617, 0.0011121080024167895, 0.7353384494781494]","[12.966569900512695, 397.08331298828125, 0.9999971389770508]","[3.0919179916381836, 0.007648235186934471, 0.8406947255134583]","[0.0650324821472168, -3.5231997966766357]","[1.102305293083191, 1.0539127588272095]",3.43340134621,0.154076159,False,64,154.098741943
0.2,40,0.797395467758,-0.598965167999,"[0.8845452666282654, 0.01776689663529396, 0.9789921641349792]","[10.911150932312012, 422.92083740234375, 0.9999955892562866]","[1.167758584022522, 0.013802827335894108, 0.9411492943763733]","[0.0650324821472168, -3.5231997966766357]","[0.8859156370162964, -0.11816985160112381]",2.13160777092,0.345687687397,False,65,159.196805209
0.2,41,0.320232391357,-0.45787024498,"[3.2013394832611084, 0.14297087490558624, 0.997410774230957]","[12.825794219970703, 391.90777587890625, 0.9999932050704956]","[3.1453590393066406, 0.08200119435787201, 0.9932713508605957]","[0.0650324821472168, -3.5231997966766357]","[0.4373394250869751, 0.5435408353805542]",2.17501401901,0.712929964066,False,42,131.314647151
0.2,42,0.974156022072,-0.987366914749,"[0.5292460918426514, 0.006330002099275589, 0.9453085064888]","[10.657448768615723, 431.6235656738281, 0.9999963045120239]","[0.5421984195709229, 0.011767012998461723, 0.9567394256591797]","[0.0650324821472168, -3.5231997966766357]","[0.8939629197120667, -1.2003605365753174]",1.90485620499,0.160930454731,False,36,140.455238987
0.2,43,0.371503710747,-1.58665919304,"[2.3743410110473633, 0.13946306705474854, 0.9977156519889832]","[12.410265922546387, 425.1271057128906, 0.9999945163726807]","[2.3643226623535156, 0.08716101199388504, 0.9794317483901978]","[0.0650324821472168, -3.5231997966766357]","[0.48489344120025635, -0.030353592708706856]",1.38638269901,1.1033911705,False,49,136.904451996
0.2,44,1.98343014717,-1.81092190742,"[0.16214628517627716, 0.0008406362612731755, 0.6689743399620056]","[10.491257667541504, 447.9346008300781, 0.9999971389770508]","[0.48049354553222656, 0.005731649696826935, 0.6301400661468506]","[0.0650324821472168, -3.5231997966766357]","[1.828670620918274, -0.9247431755065918]",1.81826090813,0.636106610298,False,39,140.098646982
0.2,45,0.058616399765,-1.6652970314,"[7.961241245269775, 0.04939938709139824, 0.994186282157898]","[16.691621780395508, 326.53485107421875, 0.9999920129776001]","[8.29146957397461, 0.012494933791458607, 0.980502188205719]","[0.0650324821472168, -3.5231997966766357]","[0.2771364450454712, 2.0160467624664307]",1.3137434721,2.60768508911,False,46,142.868489027
0.2,46,1.14946389198,1.57625961304,"[4.870185852050781, 0.0014629727229475975, 0.8183556795120239]","[14.252154350280762, 373.560302734375, 0.9999957084655762]","[4.682178497314453, 0.0015425290912389755, 0.8469587564468384]","[0.0650324821472168, -3.5231997966766357]","[1.0980154275894165, 1.535821557044983]",3.68649411201,0.0462719164789,False,62,155.544104986
0.2,47,0.392607212067,1.86805081367,"[7.1897735595703125, 0.01958310790359974, 0.9830988645553589]","[16.114898681640625, 340.0981140136719, 0.9999940991401672]","[6.649072647094727, 0.06360194832086563, 0.9737939834594727]","[0.0650324821472168, -3.5231997966766357]","[0.24640297889709473, 1.4347645044326782]",3.81922030449,0.323351740837,False,37,149.62336584
0.2,48,0.765691876411,1.41302418709,"[4.346948146820068, 0.00889146514236927, 0.9580507278442383]","[13.840471267700195, 382.4573669433594, 0.9999958872795105]","[4.958643913269043, 0.0006850901991128922, 0.6831178665161133]","[0.0650324821472168, -3.5231997966766357]","[1.650780200958252, 1.6017004251480103]",3.5254240036,0.639914095402,False,59,160.615213914
0.2,49,0.854231357574,-0.701244354248,"[0.7606212496757507, 0.012434451840817928, 0.9699401259422302]","[11.006075859069824, 441.986572265625, 0.9999962449073792]","[1.049957513809204, 0.012995854951441288, 0.9376476407051086]","[0.0650324821472168, -3.5231997966766357]","[0.9043896794319153, -0.24001775681972504]",2.07198786736,0.328059315681,False,47,138.9585
0.3,0,1.6108019352,0.720744609833,"[2.0634429454803467, 0.000827235693577677, 0.6609132289886475]","[16.864469528198242, 543.4866333007812, 0.9999956488609314]","[2.1104488372802734, 0.010066984221339226, 0.7391917705535889]","[0.0650324821472168, -3.5231997966766357]","[1.393066167831421, 0.6048630475997925]",3.19378018379,0.17440956831,False,47,142.044915119
0.3,1,0.699809908867,1.54831004143,"[4.988616943359375, 0.010461442172527313, 0.9689536094665527]","[19.043807983398438, 493.735107421875, 0.999994695186615]","[4.567223072052002, 0.04756125435233116, 0.9646213054656982]","[0.0650324821472168, -3.5231997966766357]","[0.49810588359832764, 1.2464661598205566]",3.61408042908,0.256704360247,False,52,142.863901099
0.3,2,0.970022797585,-0.134967565536,"[1.0220656394958496, 0.005806857254356146, 0.9348754286766052]","[16.25904083251953, 574.6366577148438, 0.9999964237213135]","[1.454440951347351, 0.014289778657257557, 0.823413610458374]","[0.0650324821472168, -3.5231997966766357]","[1.135522484779358, 0.13406847417354584]",2.47983121872,0.22335010767,False,42,133.85248906
0.3,3,0.145107030869,0.781837940216,"[6.560544490814209, 0.0865493193268776, 0.9961391091346741]","[20.243675231933594, 470.2583923339844, 0.9999921321868896]","[6.257234573364258, 0.07097769528627396, 0.9760775566101074]","[0.0650324821472168, -3.5231997966766357]","[0.26387178897857666, 1.3380533456802368]",3.04464769363,0.402169525623,False,33,131.535010878
0.3,4,1.04496157169,-1.49887108803,"[0.33641570806503296, 0.0047097718343138695, 0.9291476607322693]","[15.66647720336914, 579.89794921875, 0.9999964237213135]","[8.34302043914795, -0.01019255630671978, 1.0214592218399048]","[0.0650324821472168, -3.5231997966766357]","[0.42103177309036255, 2.1998939514160156]",1.59030926228,2.65237164497,False,51,139.119626023
0.3,5,1.87544727325,1.14562177658,"[3.144686222076416, 0.0009210541029460728, 0.6545755863189697]","[17.555654525756836, 516.4017944335938, 0.9999958276748657]","[2.810417652130127, 0.009521730244159698, 0.7394022345542908]","[0.0650324821472168, -3.5231997966766357]","[1.387727975845337, 0.9192943572998047]",3.54086828232,0.380193501711,False,52,140.201939968
0.3,6,1.34836030006,0.680509090424,"[1.9966628551483154, 0.001352810300886631, 0.7841481566429138]","[16.985103607177734, 557.1904907226562, 0.9999967217445374]","[1.5890586376190186, 0.005284426733851433, 0.9181002974510193]","[0.0650324821472168, -3.5231997966766357]","[1.0051759481430054, 0.37631794810295105]",3.10790085793,0.324274390936,False,43,135.359096108
0.3,7,1.09356486797,-0.978704452515,"[0.4681086242198944, 0.0035721503663808107, 0.8994497656822205]","[15.875527381896973, 586.9572143554688, 0.9999963641166687]","[1.3917291164398193, 0.010264543816447258, 0.6038891077041626]","[0.0650324821472168, -3.5231997966766357]","[1.9063720703125, 0.14141765236854553]",1.94066166878,0.978603363037,False,27,121.214416809
0.3,8,1.77303254604,0.605893611908,"[1.835150957107544, 0.0008660806925036013, 0.6979833841323853]","[16.61969757080078, 541.72314453125, 0.9999963045120239]","[1.7069307565689087, 0.008225556463003159, 0.7597743272781372]","[0.0650324821472168, -3.5231997966766357]","[1.3445385694503784, 0.40827202796936035]",3.15964198112,0.333662539721,False,27,124.597060028
0.3,9,1.64437627792,-0.141121864319,"[0.869411826133728, 0.0008470219327136874, 0.6780110597610474]","[16.137653350830078, 576.2984619140625, 0.999996542930603]","[1.0203889608383179, 0.005946110934019089, 0.6990213394165039]","[0.0650324821472168, -3.5231997966766357]","[1.5758259296417236, -0.10497385263442993]",2.63939166069,0.0547988526523,False,26,125.193798915
0.3,10,1.81752705574,1.46806073189,"[4.339208602905273, 0.0007004767539910972, 0.5883130431175232]","[18.548974990844727, 503.0937194824219, 0.9999959468841553]","[4.186646461486816, 0.0034727901220321655, 0.6096875071525574]","[0.0650324821472168, -3.5231997966766357]","[1.9208636283874512, 1.3984928131103516]",3.74058270454,0.0880855917931,False,58,149.057860021
0.3,11,1.96917140484,-1.06430578232,"[0.34638065099716187, 0.0007956677000038326, 0.6437404155731201]","[15.679842948913574, 580.3399658203125, 0.9999961256980896]","[0.8758519887924194, 0.007256515324115753, 0.5708760619163513]","[0.0650324821472168, -3.5231997966766357]","[2.027144193649292, -0.2960222661495209]",2.19907999039,0.544802904129,False,48,155.139117967
0.3,12,1.20067739487,-0.224704742432,"[0.8475859761238098, 0.001659737667068839, 0.8327949047088623]","[16.020095825195312, 568.81494140625, 0.9999966025352478]","[0.7795321941375732, 0.004855221137404442, 0.923159122467041]","[0.0650324821472168, -3.5231997966766357]","[1.0224899053573608, -0.4175139367580414]",2.46675491333,0.185642361641,False,47,138.664186001
0.3,13,1.18298184872,-1.37688755989,"[0.3058070242404938, 0.0021829346660524607, 0.8417224884033203]","[15.829298973083496, 595.17822265625, 0.9999957084655762]","[7.950081825256348, -0.019460266456007957, 0.9222908020019531]","[0.0650324821472168, -3.5231997966766357]","[0.8262932896614075, 2.227956533432007]",1.7112082243,2.56145739555,False,55,161.629206035
0.3,14,1.62843906879,0.58690738678,"[1.8029437065124512, 0.0010181802790611982, 0.7213289737701416]","[16.75017738342285, 553.5090942382812, 0.9999959468841553]","[1.2918797731399536, 0.0036983881145715714, 0.9231727719306946]","[0.0650324821472168, -3.5231997966766357]","[1.0190891027450562, 0.17570547759532928]",3.1094391346,0.519804954529,False,49,140.105183935
0.3,15,0.626592516899,-1.77805352211,"[0.9059152007102966, 0.04827723279595375, 0.9925979971885681]","[16.137331008911133, 573.7203369140625, 0.9999963045120239]","[1.1957471370697021, 0.02781780995428562, 0.9715749025344849]","[0.0650324821472168, -3.5231997966766357]","[0.7318609952926636, -0.3442590832710266]",1.29631888866,1.0165746212,False,49,143.341490999
0.3,16,0.793452739716,-1.22287893295,"[0.6440168023109436, 0.018909724429249763, 0.9810105562210083]","[15.7579984664917, 564.4613037109375, 0.9999963641166687]","[1.8902840614318848, 0.01112523302435875, 0.6321459412574768]","[0.0650324821472168, -3.5231997966766357]","[1.7974298000335693, 0.4581308364868164]",1.70617592335,1.38451504707,False,25,123.07265983
0.3,17,0.666797161102,-1.3957092762,"[0.8631208539009094, 0.03754154592752457, 0.9909141063690186]","[15.972285270690918, 564.5607299804688, 0.9999953508377075]","[2.1813297271728516, 0.010181283578276634, 0.6262814998626709]","[0.0650324821472168, -3.5231997966766357]","[1.8255009651184082, 0.6270697116851807]",1.56338357925,1.64836728573,False,48,167.022499023
0.3,18,1.18247234821,1.39818835258,"[4.079082012176514, 0.0017636737320572138, 0.8333531618118286]","[18.286468505859375, 502.593505859375, 0.9999958872795105]","[3.525592565536499, 0.01645597442984581, 0.8847800493240356]","[0.0650324821472168, -3.5231997966766357]","[0.9136551022529602, 1.1224743127822876]",3.56852459908,0.272287487984,False,33,117.555842968
0.3,19,0.98117351532,1.01310491562,"[2.8624658584594727, 0.0041602072305977345, 0.9214109778404236]","[17.472444534301758, 529.9385986328125, 0.9999952912330627]","[2.0388312339782715, 0.05496884509921074, 0.960512101650238]","[0.0650324821472168, -3.5231997966766357]","[0.6070569753646851, 0.11603344976902008]",3.27241277695,0.687277436256,False,57,143.669352867
0.3,20,1.84160423279,1.96215844154,"[7.11768913269043, 0.0007307734340429306, 0.619502604007721]","[20.43970489501953, 446.2149658203125, 0.9999940395355225]","[7.074765205383301, 0.0007183011621236801, 0.9166513681411743]","[0.0650324821472168, -3.5231997966766357]","[0.7756500244140625, 1.9656767845153809]",4.07709217072,0.753747582436,False,46,132.68198492
0.3,21,1.48104608059,-0.0195467472076,"[0.9875261187553406, 0.0011424978729337454, 0.746679425239563]","[16.15964698791504, 568.9929809570312, 0.9999967217445374]","[1.2037253379821777, 0.008054999634623528, 0.7586084008216858]","[0.0650324821472168, -3.5231997966766357]","[1.361183762550354, 0.03019612841308117]",2.67214131355,0.0917641818523,False,47,133.347457042
0.3,22,0.526807188988,-1.64075136185,"[1.3216627836227417, 0.07856908440589905, 0.9953161478042603]","[16.43516731262207, 565.4552001953125, 0.9999951124191284]","[1.5188037157058716, 0.06192396581172943, 0.9650548100471497]","[0.0650324821472168, -3.5231997966766357]","[0.6010702848434448, -0.5736513137817383]",1.3705561161,0.75637871027,False,42,136.856464203
0.3,23,1.21033799648,0.2413585186,"[1.3195853233337402, 0.001841688179410994, 0.833681046962738]","[16.29815673828125, 555.0181884765625, 0.9999966025352478]","[1.8771146535873413, 0.008685283362865448, 0.6231435537338257]","[0.0650324821472168, -3.5231997966766357]","[1.843498706817627, 0.492324560880661]",2.78241109848,0.481599658728,False,51,132.816069061
0.3,24,1.24013137817,1.97806930542,"[7.241131782531738, 0.0011340726632624865, 0.7522823214530945]","[20.5014705657959, 442.56182861328125, 0.9999933838844299]","[6.522310256958008, 0.03178664296865463, 0.958398699760437]","[0.0650324821472168, -3.5231997966766357]","[0.43960922956466675, 1.6845002174377441]",3.97773933411,0.602917313576,False,34,124.851962784
0.3,25,1.8783390522,1.09949707985,"[3.004338264465332, 0.0007637106464244425, 0.6352095007896423]","[17.69426727294922, 536.3325805664062, 0.9999969601631165]","[2.7196292877197266, 0.009241815656423569, 0.7390992045402527]","[0.0650324821472168, -3.5231997966766357]","[1.3912501335144043, 0.88783198595047]",3.51122522354,0.375538110733,False,42,128.485863796
0.3,26,0.304980754852,-0.270941257477,"[3.4669253826141357, 0.14421983063220978, 0.9977715611457825]","[17.821033477783203, 512.1940307617188, 0.9999935626983643]","[3.7421395778656006, 0.10933122783899307, 0.977436363697052]","[0.0650324821472168, -3.5231997966766357]","[0.3710591793060303, 0.4481319487094879]",2.30594468117,0.510603845119,False,50,138.551390031
0.3,27,1.26232719421,1.59587097168,"[4.950228691101074, 0.001303755328990519, 0.7910897731781006]","[18.88992691040039, 484.9457702636719, 0.9999960064888]","[3.9256582260131836, 0.10805777460336685, 0.9706525802612305]","[0.0650324821472168, -3.5231997966766357]","[0.37224578857421875, 0.5146030187606812]",3.71741843224,0.990299284458,False,70,140.84286592
0.3,28,0.923421025276,-0.591073513031,"[0.738476037979126, 0.008663228712975979, 0.9566086530685425]","[16.089771270751953, 582.3139038085938, 0.9999963641166687]","[0.7483394145965576, 0.012528003193438053, 0.9590946435928345]","[0.0650324821472168, -3.5231997966766357]","[0.8760063052177429, -0.6956720948219299]",2.16034674644,0.0812065899372,False,36,127.239027061
0.3,29,0.201174259186,0.12864780426,"[5.089654922485352, 0.13440130650997162, 0.9977282881736755]","[18.99665069580078, 482.6719055175781, 0.9999933838844299]","[4.8833465576171875, 0.13283492624759674, 0.9799249768257141]","[0.0650324821472168, -3.5231997966766357]","[0.24636894464492798, 0.4122403860092163]",2.58403992653,0.203060731292,False,39,124.681391986
0.3,30,0.390838623047,-0.640078544617,"[2.4653403759002686, 0.12314016371965408, 0.9972752928733826]","[17.21261215209961, 540.1818237304688, 0.9999949932098389]","[2.2985568046569824, 0.08665157109498978, 0.9692533612251282]","[0.0650324821472168, -3.5231997966766357]","[0.503777265548706, -0.09637680649757385]",2.05165028572,0.392661899328,False,42,115.668619983
0.3,31,0.755759716034,0.425132513046,"[1.8894474506378174, 0.018655117601156235, 0.9790859222412109]","[16.961999893188477, 563.1316528320312, 0.9999960064888]","[1.6428260803222656, 0.05536153167486191, 0.9631671905517578]","[0.0650324821472168, -3.5231997966766357]","[0.617790937423706, -0.27888718247413635]",2.83429288864,0.507286429405,False,36,122.506042011
0.3,32,0.963084101677,-1.8414375782,"[0.3245968520641327, 0.007402714807540178, 0.9549848437309265]","[15.626908302307129, 577.8866577148438, 0.9999967813491821]","[0.9026839733123779, 0.010898185893893242, 0.8416851758956909]","[0.0650324821472168, -3.5231997966766357]","[1.1339306831359863, -0.3752495348453522]",1.34811365604,1.04376626015,False,40,129.982366925
0.3,33,1.76100611687,-0.31640291214,"[0.7315931916236877, 0.0007525875698775053, 0.6023102402687073]","[16.012338638305664, 577.4532470703125, 0.9999968409538269]","[0.9326475858688354, 0.006571881473064423, 0.6617286205291748]","[0.0650324821472168, -3.5231997966766357]","[1.7095749378204346, -0.2184453010559082]",2.56513857841,0.0782331824303,False,56,146.083793836
0.3,34,0.916264414787,-0.594049692154,"[0.749178409576416, 0.009009703993797302, 0.9557992219924927]","[15.862356185913086, 564.3648071289062, 0.9999961256980896]","[1.334110975265503, 0.014618818648159504, 0.826033353805542]","[0.0650324821472168, -3.5231997966766357]","[1.1303396224975586, 0.02536226436495781]",2.15690946579,0.463410913944,False,34,122.789515881
0.3,35,0.469787478447,1.86543107033,"[6.987374782562256, 0.015358448028564453, 0.9773855209350586]","[20.3553409576416, 448.8782958984375, 0.9999921917915344]","[7.360785484313965, 0.0052934680134058, 0.951038658618927]","[0.0650324821472168, -3.5231997966766357]","[0.5965461730957031, 1.9749805927276611]",3.82107114792,0.118467010558,False,42,128.447704948
0.3,36,1.1907106638,0.375519990921,"[1.5052490234375, 0.0017971278866752982, 0.823229968547821]","[16.456153869628906, 553.06640625, 0.9999967217445374]","[1.6793638467788696, 0.010736098513007164, 0.7979333400726318]","[0.0650324821472168, -3.5231997966766357]","[1.2188687324523926, 0.35308322310447693]",2.86942219734,0.0254586450756,False,46,135.75548213
0.3,37,1.38453388214,-0.295213699341,"[0.7636349201202393, 0.0012433509109541774, 0.7475478053092957]","[15.984787940979004, 572.8403930664062, 0.9999961853027344]","[1.050946831703186, 0.007378406822681427, 0.7604002952575684]","[0.0650324821472168, -3.5231997966766357]","[1.3638033866882324, -0.10727057605981827]",2.46586489677,0.133701860905,False,36,125.946406042
0.3,38,1.22229039669,1.36147546768,"[3.9306161403656006, 0.0013681144919246435, 0.781679093837738]","[18.329524993896484, 516.4135131835938, 0.9999963045120239]","[4.0160722732543945, 0.005339758470654488, 0.6367214322090149]","[0.0650324821472168, -3.5231997966766357]","[1.813348412513733, 1.3348445892333984]",3.54959845543,0.41836515069,False,31,110.767927952
0.3,39,1.28180956841,1.17743253708,"[3.2738828659057617, 0.0011121080024167895, 0.7353384494781494]","[17.780473709106445, 522.80712890625, 0.999997079372406]","[3.0332298278808594, 0.0109705850481987, 0.8413966298103333]","[0.0650324821472168, -3.5231997966766357]","[1.0765670537948608, 0.9998838305473328]",3.43340134621,0.191895857453,False,52,133.161818841
0.3,40,0.797395467758,-0.598965167999,"[0.8845452666282654, 0.01776689663529396, 0.9789921641349792]","[15.968910217285156, 562.3394775390625, 0.9999956488609314]","[1.3497579097747803, 0.014209599234163761, 0.8698589205741882]","[0.0650324821472168, -3.5231997966766357]","[1.03034245967865, 0.05169284716248512]",2.13160777092,0.488681972027,False,34,119.852117961
0.3,41,0.320232391357,-0.45787024498,"[3.2013394832611084, 0.14297087490558624, 0.997410774230957]","[17.580978393554688, 514.0770263671875, 0.999993622303009]","[4.694706916809082, 0.0038493741303682327, 0.6787490844726562]","[0.0650324821472168, -3.5231997966766357]","[1.6540911197662354, 1.5128284692764282]",2.17501401901,1.68268120289,False,51,139.886074932
0.3,42,0.974156022072,-0.987366914749,"[0.5292460918426514, 0.006330002099275589, 0.9453085064888]","[15.807692527770996, 577.1152954101562, 0.9999963045120239]","[0.592893123626709, 0.012904223054647446, 0.9574309587478638]","[0.0650324821472168, -3.5231997966766357]","[0.8804057836532593, -1.0897029638290405]",1.90485620499,0.0981370806694,False,42,130.589609966
0.3,43,0.371503710747,-1.58665919304,"[2.3743410110473633, 0.13946306705474854, 0.9977156519889832]","[17.335254669189453, 555.0205688476562, 0.999994695186615]","[2.206055164337158, 0.12974707782268524, 0.977689266204834]","[0.0650324821472168, -3.5231997966766357]","[0.42136895656585693, -1.5438719987869263]",1.38638269901,0.0464612022042,False,39,128.079063958
0.3,44,1.98343014717,-1.81092190742,"[0.16214628517627716, 0.0008406362612731755, 0.6689743399620056]","[15.656793594360352, 592.2195434570312, 0.9999971389770508]","[0.6041667461395264, 0.007750365883111954, 0.6394660472869873]","[0.0650324821472168, -3.5231997966766357]","[1.7871570587158203, -0.7338372468948364]",1.81826090813,0.774155795574,False,47,138.55193113
0.3,45,0.058616399765,-1.6652970314,"[7.961241245269775, 0.04939938709139824, 0.994186282157898]","[20.992473602294922, 428.490478515625, 0.9999912977218628]","[8.258525848388672, 0.008804203942418098, 0.9759443402290344]","[0.0650324821472168, -3.5231997966766357]","[0.33538275957107544, 2.0439400672912598]",1.3137434721,2.63011789322,False,35,124.740510015
0.3,46,1.14946389198,1.57625961304,"[4.870185852050781, 0.0014629727229475975, 0.8183556795120239]","[18.876314163208008, 489.6294860839844, 0.9999953508377075]","[5.009279727935791, 0.0023799538612365723, 0.6341695785522461]","[0.0650324821472168, -3.5231997966766357]","[1.821096420288086, 1.5923285484313965]",3.68649411201,0.475051820278,False,49,138.787607895
0.3,47,0.392607212067,1.86805081367,"[7.1897735595703125, 0.01958310790359974, 0.9830988645553589]","[20.601425170898438, 452.3410949707031, 0.999993622303009]","[7.633472442626953, 0.00490189716219902, 0.9576468467712402]","[0.0650324821472168, -3.5231997966766357]","[0.5413554906845093, 2.011715888977051]",3.81922030449,0.146228775382,False,69,160.240409896
0.3,48,0.765691876411,1.41302418709,"[4.346948146820068, 0.00889146514236927, 0.9580507278442383]","[18.51812171936035, 500.9296569824219, 0.9999960064888]","[3.193284749984741, 0.14662319421768188, 0.9626763463020325]","[0.0650324821472168, -3.5231997966766357]","[0.36890023946762085, -0.5749613046646118]",3.5254240036,1.43344509602,False,34,105.833859881
0.3,49,0.854231357574,-0.701244354248,"[0.7606212496757507, 0.012434451840817928, 0.9699401259422302]","[16.070640563964844, 579.6369018554688, 0.9999962449073792]","[0.8859302997589111, 0.0175838191062212, 0.9591567516326904]","[0.0650324821472168, -3.5231997966766357]","[0.827938437461853, -0.5832557082176208]",2.07198786736,0.0854770094156,False,38,95.8814239129
0.4,0,1.6108019352,0.720744609833,"[2.0634429454803467, 0.000827235693577677, 0.6609132289886475]","[21.855915069580078, 631.0751342773438, 0.9999953508377075]","[1.477135181427002, 0.05015747249126434, 0.9365057945251465]","[0.0650324821472168, -3.5231997966766357]","[0.6805282235145569, -0.4141252040863037]",3.19378018379,1.03762674332,False,34,138.620736077
0.4,1,0.699809908867,1.54831004143,"[4.988616943359375, 0.010461442172527313, 0.9689536094665527]","[23.690631866455078, 568.0383911132812, 0.9999943375587463]","[4.334125518798828, 0.13952207565307617, 0.9679975509643555]","[0.0650324821472168, -3.5231997966766357]","[0.29773420095443726, 0.14660128951072693]",3.61408042908,1.03112852573,False,42,136.849598028
0.4,2,0.970022797585,-0.134967565536,"[1.0220656394958496, 0.005806857254356146, 0.9348754286766052]","[21.262487411499023, 657.9801025390625, 0.9999961256980896]","[1.9535746574401855, 0.011304043233394623, 0.621978759765625]","[0.0650324821472168, -3.5231997966766357]","[1.8362016677856445, 0.4903642237186432]",2.47983121872,0.755415678024,False,41,130.319280084
0.4,3,0.145107030869,0.781837940216,"[6.560544490814209, 0.0865493193268776, 0.9961391091346741]","[24.811634063720703, 543.6756591796875, 0.9999912977218628]","[7.504117965698242, 0.0025004930794239044, 0.966659426689148]","[0.0650324821472168, -3.5231997966766357]","[0.5613308548927307, 2.0149354934692383]",3.04464769363,0.920264065266,False,86,166.492199991
0.4,4,1.04496157169,-1.49887108803,"[0.33641570806503296, 0.0047097718343138695, 0.9291476607322693]","[20.70806884765625, 664.3038330078125, 0.9999959468841553]","[1.0899419784545898, 0.013726651668548584, 0.7956117987632751]","[0.0650324821472168, -3.5231997966766357]","[1.2228636741638184, -0.20761500298976898]",1.59030926228,0.921680867672,False,41,143.852980807
0.4,5,1.87544727325,1.14562177658,"[3.144686222076416, 0.0009210541029460728, 0.6545755863189697]","[22.445844650268555, 601.5031127929688, 0.9999955296516418]","[7.070378303527832, -0.010409263893961906, 1.0517512559890747]","[0.0650324821472168, -3.5231997966766357]","[0.5378932952880859, 2.0469589233398438]",3.54086828232,1.14049530029,False,28,124.291614164
0.4,6,1.34836030006,0.680509090424,"[1.9966628551483154, 0.001352810300886631, 0.7841481566429138]","[21.9832820892334, 643.0820922851562, 0.9999963045120239]","[2.1822752952575684, 0.01456376165151596, 0.7723981142044067]","[0.0650324821472168, -3.5231997966766357]","[1.2556354999542236, 0.5828447937965393]",3.10790085793,0.0952265784144,False,50,138.174901949
0.4,7,1.09356486797,-0.978704452515,"[0.4681086242198944, 0.0035721503663808107, 0.8994497656822205]","[20.939146041870117, 672.245361328125, 0.9999960660934448]","[1.141187071800232, 0.01376248523592949, 0.796140730381012]","[0.0650324821472168, -3.5231997966766357]","[1.219580054283142, -0.1515384167432785]",1.94066166878,0.591643214226,False,28,129.391253926
0.4,8,1.77303254604,0.605893611908,"[1.835150957107544, 0.0008660806925036013, 0.6979833841323853]","[21.620685577392578, 629.881103515625, 0.9999957084655762]","[1.7367017269134521, 0.010716352611780167, 0.7609269022941589]","[0.0650324821472168, -3.5231997966766357]","[1.3248597383499146, 0.38631781935691833]",3.15964198112,0.352896869183,False,71,169.639202999
0.4,9,1.64437627792,-0.141121864319,"[0.869411826133728, 0.0008470219327136874, 0.6780110597610474]","[21.239683151245117, 665.7998046875, 0.9999962449073792]","[1.0977413654327393, 0.007679635658860207, 0.6992894411087036]","[0.0650324821472168, -3.5231997966766357]","[1.5647549629211426, -0.0651155412197113]",2.63939166069,0.0778348073363,False,43,145.375213819
0.4,10,1.81752705574,1.46806073189,"[4.339208602905273, 0.0007004767539910972, 0.5883130431175232]","[23.211275100708008, 576.6337280273438, 0.9999955296516418]","[3.3779468536376953, 0.01537409983575344, 0.8038018345832825]","[0.0650324821472168, -3.5231997966766357]","[1.1371591091156006, 1.0643298625946045]",3.74058270454,0.559418976307,False,39,138.707183069
0.4,11,1.96917140484,-1.06430578232,"[0.34638065099716187, 0.0007956677000038326, 0.6437404155731201]","[20.72241973876953, 664.7772216796875, 0.9999954104423523]","[1.4005719423294067, 0.1609300822019577, 0.8888763785362244]","[0.0650324821472168, -3.5231997966766357]","[0.5581197738647461, -3.2900264263153076]",2.19907999039,1.86345088482,False,48,148.077768972
0.4,12,1.20067739487,-0.224704742432,"[0.8475859761238098, 0.001659737667068839, 0.8327949047088623]","[21.098896026611328, 657.9446411132812, 0.9999963641166687]","[1.7122313976287842, 0.0111224465072155, 0.6108862161636353]","[0.0650324821472168, -3.5231997966766357]","[1.8783307075500488, 0.35110005736351013]",2.46675491333,0.628794550896,False,33,125.900076004
0.4,13,1.18298184872,-1.37688755989,"[0.3058070242404938, 0.0021829346660524607, 0.8417224884033203]","[20.992576599121094, 685.5535278320312, 0.9999951720237732]","[1.0011332035064697, 0.013081520795822144, 0.7861616611480713]","[0.0650324821472168, -3.5231997966766357]","[1.255839228630066, -0.2986002564430237]",1.7112082243,0.764202773571,False,42,147.309353109
0.4,14,1.62843906879,0.58690738678,"[1.8029437065124512, 0.0010181802790611982, 0.7213289737701416]","[21.684541702270508, 635.548583984375, 0.999995768070221]","[1.8325440883636475, 0.010648149996995926, 0.7546747922897339]","[0.0650324821472168, -3.5231997966766357]","[1.3430529832839966, 0.4452941417694092]",3.1094391346,0.225277081132,False,65,157.113662921
0.4,15,0.626592516899,-1.77805352211,"[0.9059152007102966, 0.04827723279595375, 0.9925979971885681]","[21.11569595336914, 655.4420776367188, 0.9999960064888]","[1.1993387937545776, 0.06046251207590103, 0.9575963020324707]","[0.0650324821472168, -3.5231997966766357]","[0.6284570693969727, -1.2267372608184814]",1.29631888866,0.389841705561,False,36,122.867892962
0.4,16,0.793452739716,-1.22287893295,"[0.6440168023109436, 0.018909724429249763, 0.9810105562210083]","[20.843591690063477, 654.3407592773438, 0.9999961853027344]","[8.143049240112305, -0.00934351421892643, 1.0171337127685547]","[0.0650324821472168, -3.5231997966766357]","[0.456698477268219, 2.1735494136810303]",1.70617592335,2.41341352463,False,40,129.730039975
0.4,17,0.666797161102,-1.3957092762,"[0.8631208539009094, 0.03754154592752457, 0.9909141063690186]","[21.150226593017578, 660.538818359375, 0.9999952912330627]","[1.7596955299377441, 0.022490164265036583, 0.8381215929985046]","[0.0650324821472168, -3.5231997966766357]","[1.0243855714797974, 0.24100248515605927]",1.56338357925,1.18462955952,False,41,133.512550034
0.4,18,1.18247234821,1.39818835258,"[4.079082012176514, 0.0017636737320572138, 0.8333531618118286]","[23.082717895507812, 584.24169921875, 0.9999954700469971]","[2.362769603729248, 0.12566256523132324, 0.9602320194244385]","[0.0650324821472168, -3.5231997966766357]","[0.4452022910118103, -0.9760602116584778]",3.56852459908,1.75792813301,False,37,130.761692999
0.4,19,0.98117351532,1.01310491562,"[2.8624658584594727, 0.0041602072305977345, 0.9214109778404236]","[22.319835662841797, 610.22265625, 0.9999948740005493]","[2.855567693710327, 0.017973676323890686, 0.8442337512969971]","[0.0650324821472168, -3.5231997966766357]","[1.0184845924377441, 0.8638543486595154]",3.27241277695,0.108783841133,False,39,128.809127025
0.4,20,1.84160423279,1.96215844154,"[7.11768913269043, 0.0007307734340429306, 0.619502604007721]","[24.85665512084961, 514.8120727539062, 0.999993085861206]","[3.372739315032959, 0.18396688997745514, 0.9384669065475464]","[0.0650324821472168, -3.5231997966766357]","[0.34377557039260864, -1.5507323741912842]",4.07709217072,2.70036053658,False,40,128.614733927
0.4,21,1.48104608059,-0.0195467472076,"[0.9875261187553406, 0.0011424978729337454, 0.746679425239563]","[21.18517303466797, 654.1963500976562, 0.9999962449073792]","[1.2884817123413086, 0.009991956874728203, 0.7634031176567078]","[0.0650324821472168, -3.5231997966766357]","[1.3326854705810547, 0.0675123780965805]",2.67214131355,0.12163503468,False,79,162.381917937
0.4,22,0.526807188988,-1.64075136185,"[1.3216627836227417, 0.07856908440589905, 0.9953161478042603]","[21.451601028442383, 651.242431640625, 0.9999952912330627]","[2.7880022525787354, 0.010297713801264763, 0.5744611620903015]","[0.0650324821472168, -3.5231997966766357]","[2.023115873336792, 0.8864467740058899]",1.3705561161,2.0767364502,False,31,110.305153998
0.4,23,1.21033799648,0.2413585186,"[1.3195853233337402, 0.001841688179410994, 0.833681046962738]","[21.375995635986328, 645.914794921875, 0.9999962449073792]","[1.6475038528442383, 0.014632653445005417, 0.7790974974632263]","[0.0650324821472168, -3.5231997966766357]","[1.2475109100341797, 0.2660529911518097]",2.78241109848,0.031556636095,False,36,120.054289
0.4,24,1.24013137817,1.97806930542,"[7.241131782531738, 0.0011340726632624865, 0.7522823214530945]","[24.90459632873535, 510.89666748046875, 0.9999924302101135]","[7.315979957580566, -0.0009061023592948914, 0.9261596202850342]","[0.0650324821472168, -3.5231997966766357]","[0.7345272302627563, 2.011591911315918]",3.97773933411,0.358301073313,False,31,111.600094941
0.4,25,1.8783390522,1.09949707985,"[3.004338264465332, 0.0007637106464244425, 0.6352095007896423]","[22.522079467773438, 614.7320556640625, 0.999996542930603]","[2.6645147800445557, 0.011605260893702507, 0.749847948551178]","[0.0650324821472168, -3.5231997966766357]","[1.3398934602737427, 0.8369631171226501]",3.51122522354,0.423584550619,False,31,130.583358929
0.4,26,0.304980754852,-0.270941257477,"[3.4669253826141357, 0.14421983063220978, 0.9977715611457825]","[22.519851684570312, 586.2755737304688, 0.9999933838844299]","[3.830524444580078, 0.01967376470565796, 0.9257375001907349]","[0.0650324821472168, -3.5231997966766357]","[0.7722117900848389, 1.2022103071212769]",2.30594468117,1.09281301498,False,40,130.94107504
0.4,27,1.26232719421,1.59587097168,"[4.950228691101074, 0.001303755328990519, 0.7910897731781006]","[23.542617797851562, 560.6654052734375, 0.9999955296516418]","[5.10493278503418, 0.00125788152217865, 0.7722816467285156]","[0.0650324821472168, -3.5231997966766357]","[1.3199034929275513, 1.6260992288589478]",3.71741843224,0.0459824837744,False,64,154.173718998
0.4,28,0.923421025276,-0.591073513031,"[0.738476037979126, 0.008663228712975979, 0.9566086530685425]","[21.203092575073242, 671.5291137695312, 0.9999957084655762]","[0.9869579076766968, 0.008334852755069733, 0.9316210150718689]","[0.0650324821472168, -3.5231997966766357]","[0.9659358263015747, -0.22074542939662933]",2.16034674644,0.263581484556,False,47,135.563737014
0.4,29,0.201174259186,0.12864780426,"[5.089654922485352, 0.13440130650997162, 0.9977282881736755]","[23.631834030151367, 557.7383422851562, 0.9999930262565613]","[4.825583457946777, 0.1300874799489975, 0.9730579257011414]","[0.0650324821472168, -3.5231997966766357]","[0.2666206359863281, 0.42645472288131714]",2.58403992653,0.215606346726,False,47,143.402778078
0.4,30,0.390838623047,-0.640078544617,"[2.4653403759002686, 0.12314016371965408, 0.9972752928733826]","[22.064424514770508, 619.578125, 0.999995231628418]","[2.147644519805908, 0.13135816156864166, 0.9711633324623108]","[0.0650324821472168, -3.5231997966766357]","[0.43183213472366333, -1.8212682008743286]",2.05165028572,0.835730075836,False,38,126.52968592
0.4,31,0.755759716034,0.425132513046,"[1.8894474506378174, 0.018655117601156235, 0.9790859222412109]","[21.93707847595215, 646.720703125, 0.9999960064888]","[2.39042592048645, 0.02384025603532791, 0.8483105301856995]","[0.0650324821472168, -3.5231997966766357]","[0.9681273102760315, 0.5986681580543518]",2.83429288864,0.193926036358,False,59,150.501577882
0.4,32,0.963084101677,-1.8414375782,"[0.3245968520641327, 0.007402714807540178, 0.9549848437309265]","[20.7272891998291, 666.4638671875, 0.9999958872795105]","[1.6586575508117676, 0.012431751005351543, 0.614219069480896]","[0.0650324821472168, -3.5231997966766357]","[1.8595926761627197, 0.2925182282924652]",1.34811365604,1.636687994,False,26,110.875366954
0.4,33,1.76100611687,-0.31640291214,"[0.7315931916236877, 0.0007525875698775053, 0.6023102402687073]","[20.960582733154297, 656.5738525390625, 0.9999961853027344]","[1.3639683723449707, 0.008843101561069489, 0.5696505904197693]","[0.0650324821472168, -3.5231997966766357]","[2.0315098762512207, 0.1507178246974945]",2.56513857841,0.381689727306,False,39,124.880766962
0.4,34,0.916264414787,-0.594049692154,"[0.749178409576416, 0.009009703993797302, 0.9557992219924927]","[20.958847045898438, 654.8846435546875, 0.9999957084655762]","[1.1309713125228882, 0.05098108947277069, 0.939490556716919]","[0.0650324821472168, -3.5231997966766357]","[0.686316192150116, -1.0522431135177612]",2.15690946579,0.362503379583,False,43,159.053145908
0.4,35,0.469787478447,1.86543107033,"[6.987374782562256, 0.015358448028564453, 0.9773855209350586]","[24.73686981201172, 514.7078247070312, 0.9999915957450867]","[6.2255659103393555, 0.06401146948337555, 0.9603897333145142]","[0.0650324821472168, -3.5231997966766357]","[0.3206660747528076, 1.3851003646850586]",3.82107114792,0.35563659668,False,44,163.898651022
0.4,36,1.1907106638,0.375519990921,"[1.5052490234375, 0.0017971278866752982, 0.823229968547821]","[21.367307662963867, 633.572021484375, 0.9999964237213135]","[1.3922396898269653, 0.013119179755449295, 0.916748046875]","[0.0650324821472168, -3.5231997966766357]","[0.9367098212242126, 0.11131899058818817]",2.86942219734,0.259151101112,False,75,181.071290979
0.4,37,1.38453388214,-0.295213699341,"[0.7636349201202393, 0.0012433509109541774, 0.7475478053092957]","[21.161338806152344, 667.5293579101562, 0.999995768070221]","[1.1713359355926514, 0.011774387210607529, 0.7822936177253723]","[0.0650324821472168, -3.5231997966766357]","[1.2696218490600586, -0.07853677868843079]",2.46586489677,0.173426732421,False,30,122.204259969
0.4,38,1.22229039669,1.36147546768,"[3.9306161403656006, 0.0013681144919246435, 0.781679093837738]","[23.042564392089844, 591.0762939453125, 0.999995768070221]","[2.2830097675323486, 0.1237255409359932, 0.9609793424606323]","[0.0650324821472168, -3.5231997966766357]","[0.45081573724746704, -1.0582767724990845]",3.54959845543,1.79588055611,False,37,129.286134848
0.4,39,1.28180956841,1.17743253708,"[3.2738828659057617, 0.0011121080024167895, 0.7353384494781494]","[22.661720275878906, 606.6478271484375, 0.9999961853027344]","[3.0460333824157715, 0.012391353957355022, 0.7889639139175415]","[0.0650324821472168, -3.5231997966766357]","[1.2057441473007202, 0.9801856279373169]",3.43340134621,0.149486273527,False,69,155.58846388
0.4,40,0.797395467758,-0.598965167999,"[0.8845452666282654, 0.01776689663529396, 0.9789921641349792]","[20.946271896362305, 645.5067138671875, 0.999995231628418]","[1.2953420877456665, 0.016910120844841003, 0.9313748478889465]","[0.0650324821472168, -3.5231997966766357]","[0.8720830678939819, -0.03835354745388031]",2.13160777092,0.399914741516,False,34,124.699027976
0.4,41,0.320232391357,-0.45787024498,"[3.2013394832611084, 0.14297087490558624, 0.997410774230957]","[22.426467895507812, 596.7957763671875, 0.9999938011169434]","[4.236231327056885, 0.008430391550064087, 0.6230552792549133]","[0.0650324821472168, -3.5231997966766357]","[1.8490791320800781, 1.3525569438934326]",2.17501401901,1.67556238174,False,38,124.245867133
0.4,42,0.974156022072,-0.987366914749,"[0.5292460918426514, 0.006330002099275589, 0.9453085064888]","[20.852415084838867, 662.3967895507812, 0.9999960064888]","[0.8854541778564453, 0.054547328501939774, 0.937757670879364]","[0.0650324821472168, -3.5231997966766357]","[0.6879645586013794, -2.149016857147217]",1.90485620499,0.845971703529,False,26,120.608641068
0.4,43,0.371503710747,-1.58665919304,"[2.3743410110473633, 0.13946306705474854, 0.9977156519889832]","[22.204391479492188, 633.322998046875, 0.9999946355819702]","[2.133718490600586, 0.13107985258102417, 0.9708137512207031]","[0.0650324821472168, -3.5231997966766357]","[0.4334178566932678, -1.847589135169983]",1.38638269901,0.189628317952,False,42,134.891601978
0.4,44,1.98343014717,-1.81092190742,"[0.16214628517627716, 0.0008406362612731755, 0.6689743399620056]","[20.7498779296875, 678.56640625, 0.9999968409538269]","[0.9568972587585449, 0.008681142702698708, 0.5643165111541748]","[0.0650324821472168, -3.5231997966766357]","[2.043894052505493, -0.2336612194776535]",1.81826090813,1.11611092091,False,32,134.625873063
0.4,45,0.058616399765,-1.6652970314,"[7.961241245269775, 0.04939938709139824, 0.994186282157898]","[25.453046798706055, 502.2022705078125, 0.9999901652336121]","[8.281777381896973, 0.0029093939810991287, 0.9686806201934814]","[0.0650324821472168, -3.5231997966766357]","[0.41743892431259155, 2.093369960784912]",1.3137434721,2.66986250877,False,54,142.517146189
0.4,46,1.14946389198,1.57625961304,"[4.870185852050781, 0.0014629727229475975, 0.8183556795120239]","[23.564054489135742, 566.950927734375, 0.9999948143959045]","[4.01323127746582, 0.13816867768764496, 0.9671335220336914]","[0.0650324821472168, -3.5231997966766357]","[0.32376915216445923, 0.06293924152851105]",3.68649411201,1.21899759769,False,50,138.109890046
0.4,47,0.392607212067,1.86805081367,"[7.1897735595703125, 0.01958310790359974, 0.9830988645553589]","[25.090957641601562, 523.8355712890625, 0.9999923706054688]","[7.6767425537109375, 0.003748783841729164, 0.9624484777450562]","[0.0650324821472168, -3.5231997966766357]","[0.5333805680274963, 2.0258688926696777]",3.81922030449,0.149538755417,False,56,138.604007894
0.4,48,0.765691876411,1.41302418709,"[4.346948146820068, 0.00889146514236927, 0.9580507278442383]","[23.24335479736328, 578.8397216796875, 0.9999954700469971]","[4.8029069900512695, 0.003955883905291557, 0.6686436533927917]","[0.0650324821472168, -3.5231997966766357]","[1.6913743019104004, 1.534225344657898]",3.5254240036,0.660143017769,False,37,115.844835062
0.4,49,0.854231357574,-0.701244354248,"[0.7606212496757507, 0.012434451840817928, 0.9699401259422302]","[21.190793991088867, 669.9614868164062, 0.9999957084655762]","[1.1271781921386719, 0.05153583735227585, 0.9445569515228271]","[0.0650324821472168, -3.5231997966766357]","[0.6769248247146606, -1.0818949937820435]",2.07198786736,0.296928048134,False,40,131.556265987
