epsilon,outlier_y,mds_summary,posterior_kl,kl_over_epsilon
0.01,-25,-1.08036871826e-08,5.82142926386e-15,5.82142926386e-13
0.01,-24.9,-1.08036871826e-08,5.82142926386e-15,5.82142926386e-13
0.01,-24.8,-1.08036871826e-08,5.82142926386e-15,5.82142926386e-13
0.01,-24.7,-1.08036871826e-08,5.82142926386e-15,5.82142926386e-13
0.01,-24.6,-1.08036871826e-08,5.82142926386e-15,5.82142926386e-13
0.01,-24.5,-1.08036871826e-08,5.82142926386e-15,5.82142926386e-13
0.01,-24.4,-1.08036871826e-08,5.82142926386e-15,5.82142926386e-13
0.01,-24.3,-1.08036871826e-08,5.82142926386e-15,5.82142926386e-13
0.01,-24.2,-1.08036871826e-08,5.82142926386e-15,5.82142926386e-13
0.01,-24.1,-1.08036871826e-08,5.82142926386e-15,5.82142926386e-13
0.01,-24,-1.08036871826e-08,5.82142926386e-15,5.82142926386e-13
0.01,-23.9,-1.08036871826e-08,5.82142926386e-15,5.82142926386e-13
0.01,-23.8,-1.08036871826e-08,5.82142926386e-15,5.82142926386e-13
0.01,-23.7,-1.08036871826e-08,5.82142926386e-15,5.82142926386e-13
0.01,-23.6,-1.08036871826e-08,5.82142926386e-15,5.82142926386e-13
0.01,-23.5,-1.08036871826e-08,5.82142926386e-15,5.82142926386e-13
0.01,-23.4,-1.08036871826e-08,5.82142926386e-15,5.82142926386e-13
0.01,-23.3,-1.08036871826e-08,5.82142926386e-15,5.82142926386e-13
0.01,-23.2,-1.08036871826e-08,5.82142926386e-15,5.82142926386e-13
0.01,-23.1,-1.08036871826e-08,5.82142926386e-15,5.82142926386e-13
0.01,-23,-1.08036871826e-08,5.82142926386e-15,5.82142926386e-13
0.01,-22.9,-1.08036871826e-08,5.82142926386e-15,5.82142926386e-13
0.01,-22.8,-1.08036871826e-08,5.82142926386e-15,5.82142926386e-13
0.01,-22.7,-1.08036871826e-08,5.82142926386e-15,5.82142926386e-13
0.01,-22.6,-1.08036871826e-08,5.82142926386e-15,5.82142926386e-13
0.01,-22.5,-1.08036871826e-08,5.82142926386e-15,5.82142926386e-13
0.01,-22.4,-1.08036871826e-08,5.82142926386e-15,5.82142926386e-13
0.01,-22.3,-1.08036871826e-08,5.82142926386e-15,5.82142926386e-13
0.01,-22.2,-1.08036871826e-08,5.82142926386e-15,5.82142926386e-13
0.01,-22.1,-1.08036871826e-08,5.82142926386e-15,5.82142926386e-13
0.01,-22,-1.08036871826e-08,5.82142926386e-15,5.82142926386e-13
0.01,-21.9,-1.08036871826e-08,5.82142926386e-15,5.82142926386e-13
0.01,-21.8,-1.08036871826e-08,5.82142926386e-15,5.82142926386e-13
0.01,-21.7,-1.08036871826e-08,5.82142926386e-15,5.82142926386e-13
0.01,-21.6,-1.08036871826e-08,5.82142926386e-15,5.82142926386e-13
0.01,-21.5,-1.08036871826e-08,5.82142926386e-15,5.82142926386e-13
0.01,-21.4,-1.08036871826e-08,5.82142926386e-15,5.82142926386e-13
0.01,-21.3,-1.08036871826e-08,5.82142926386e-15,5.82142926386e-13
0.01,-21.2,-1.08036871826e-08,5.82142926386e-15,5.82142926386e-13
0.01,-21.1,-1.08036871826e-08,5.82142926386e-15,5.82142926386e-13
0.01,-21,-1.08036871826e-08,5.82142926386e-15,5.82142926386e-13
0.01,-20.9,-1.08036871826e-08,5.82142926386e-15,5.82142926386e-13
0.01,-20.8,-1.08036871826e-08,5.82142926386e-15,5.82142926386e-13
0.01,-20.7,-1.08036871826e-08,5.82142926386e-15,5.82142926386e-13
0.01,-20.6,-1.08036871826e-08,5.82142926386e-15,5.82142926386e-13
0.01,-20.5,-1.08036871826e-08,5.82142926386e-15,5.82142926386e-13
0.01,-20.4,-1.08036871826e-08,5.82142926386e-15,5.82142926386e-13
0.01,-20.3,-1.08036871826e-08,5.82142926386e-15,5.82142926386e-13
0.01,-20.2,-1.08036871826e-08,5.82142926386e-15,5.82142926386e-13
0.01,-20.1,-1.08036871826e-08,5.82142926386e-15,5.82142926386e-13
0.01,-20,-1.08036871826e-08,5.82142926386e-15,5.82142926386e-13
0.01,-19.9,-1.08036871826e-08,5.82142926386e-15,5.82142926386e-13
0.01,-19.8,-1.08036871826e-08,5.82142926386e-15,5.82142926386e-13
0.01,-19.7,-1.08036871826e-08,5.82142926386e-15,5.82142926386e-13
0.01,-19.6,-1.08036871826e-08,5.82142926386e-15,5.82142926386e-13
0.01,-19.5,-1.08036871826e-08,5.82142926386e-15,5.82142926386e-13
0.01,-19.4,-1.08036871826e-08,5.82142926386e-15,5.82142926386e-13
0.01,-19.3,-1.08036871826e-08,5.82142926386e-15,5.82142926386e-13
0.01,-19.2,-1.08036871826e-08,5.82142926386e-15,5.82142926386e-13
0.01,-19.1,-1.08036871826e-08,5.82142926386e-15,5.82142926386e-13
0.01,-19,-1.08036871826e-08,5.82142926386e-15,5.82142926386e-13
0.01,-18.9,-1.08036871826e-08,5.82142926386e-15,5.82142926386e-13
0.01,-18.8,-1.08036871826e-08,5.82142926386e-15,5.82142926386e-13
0.01,-18.7,-1.08036871826e-08,5.82142926386e-15,5.82142926386e-13
0.01,-18.6,-1.08036871826e-08,5.82142926386e-15,5.82142926386e-13
0.01,-18.5,-1.08036871826e-08,5.82142926386e-15,5.82142926386e-13
0.01,-18.4,-1.08036871826e-08,5.82142926386e-15,5.82142926386e-13
0.01,-18.3,-1.08036871826e-08,5.82142926386e-15,5.82142926386e-13
0.01,-18.2,-1.08036871826e-08,5.82142926386e-15,5.82142926386e-13
0.01,-18.1,-1.08036871826e-08,5.82142926386e-15,5.82142926386e-13
0.01,-18,-1.08036871826e-08,5.82142926386e-15,5.82142926386e-13
0.01,-17.9,-1.08036871826e-08,5.82142926386e-15,5.82142926386e-13
0.01,-17.8,-1.08036871826e-08,5.82142926386e-15,5.82142926386e-13
0.01,-17.7,-1.08036871826e-08,5.82142926386e-15,5.82142926386e-13
0.01,-17.6,-1.08036871826e-08,5.82142926386e-15,5.82142926386e-13
0.01,-17.5,-1.08036871826e-08,5.82142926386e-15,5.82142926386e-13
0.01,-17.4,-1.08036871826e-08,5.82142926386e-15,5.82142926386e-13
0.01,-17.3,-1.08036871826e-08,5.82142926386e-15,5.82142926386e-13
0.01,-17.2,-1.08036871826e-08,5.82142926386e-15,5.82142926386e-13
0.01,-17.1,-1.08036871826e-08,5.82142926386e-15,5.82142926386e-13
0.01,-17,-1.08036871826e-08,5.82142926386e-15,5.82142926386e-13
0.01,-16.9,-1.08036871826e-08,5.82142926386e-15,5.82142926386e-13
0.01,-16.8,-1.08036871826e-08,5.82142926386e-15,5.82142926386e-13
0.01,-16.7,-1.08036871826e-08,5.82142926386e-15,5.82142926386e-13
0.01,-16.6,-1.08036871826e-08,5.82142926386e-15,5.82142926386e-13
0.01,-16.5,-1.08036871826e-08,5.82142926386e-15,5.82142926386e-13
0.01,-16.4,-1.08036871826e-08,5.82142926386e-15,5.82142926386e-13
0.01,-16.3,-1.08036871826e-08,5.82142926386e-15,5.82142926386e-13
0.01,-16.2,-1.08036871826e-08,5.82142926386e-15,5.82142926386e-13
0.01,-16.1,-1.08036871826e-08,5.82142926386e-15,5.82142926386e-13
0.01,-16,-1.08036871826e-08,5.82142926386e-15,5.82142926386e-13
0.01,-15.9,-1.08036871826e-08,5.82142926386e-15,5.82142926386e-13
0.01,-15.8,-1.08036871826e-08,5.82142926386e-15,5.82142926386e-13
0.01,-15.7,-1.08036871826e-08,5.82142926386e-15,5.82142926386e-13
0.01,-15.6,-1.08036871826e-08,5.82142926386e-15,5.82142926386e-13
0.01,-15.5,-1.08036871826e-08,5.82142926386e-15,5.82142926386e-13
0.01,-15.4,-1.08036871826e-08,5.82142926386e-15,5.82142926386e-13
0.01,-15.3,-1.08036871826e-08,5.82142926386e-15,5.82142926386e-13
0.01,-15.2,-1.08036871826e-08,5.82142926386e-15,5.82142926386e-13
0.01,-15.1,-1.08036871826e-08,5.82142926386e-15,5.82142926386e-13
0.01,-15,-1.08036871826e-08,5.82142926386e-15,5.82142926386e-13
0.01,-14.9,-1.08036871826e-08,5.82142926386e-15,5.82142926386e-13
0.01,-14.8,-1.08036871826e-08,5.82142926386e-15,5.82142926386e-13
0.01,-14.7,-1.08036871826e-08,5.82142926386e-15,5.82142926386e-13
0.01,-14.6,-1.08036871826e-08,5.82142926386e-15,5.82142926386e-13
0.01,-14.5,-1.08036871826e-08,5.82142926386e-15,5.82142926386e-13
0.01,-14.4,-1.08036871826e-08,5.82142926386e-15,5.82142926386e-13
0.01,-14.3,-1.08036871826e-08,5.82142926386e-15,5.82142926386e-13
0.01,-14.2,-1.08036871826e-08,5.82142926386e-15,5.82142926386e-13
0.01,-14.1,-1.08036871826e-08,5.82142926386e-15,5.82142926386e-13
0.01,-14,-1.08036871826e-08,5.82142926386e-15,5.82142926386e-13
0.01,-13.9,-1.08036871826e-08,5.82142926386e-15,5.82142926386e-13
0.01,-13.8,-1.08036871826e-08,5.82142926386e-15,5.82142926386e-13
0.01,-13.7,-1.08036871826e-08,5.82142926386e-15,5.82142926386e-13
0.01,-13.6,-1.08036871826e-08,5.82142926386e-15,5.82142926386e-13
0.01,-13.5,-1.08036871826e-08,5.82142926386e-15,5.82142926386e-13
0.01,-13.4,-1.08036871826e-08,5.82142926386e-15,5.82142926386e-13
0.01,-13.3,-1.08036871826e-08,5.82142926386e-15,5.82142926386e-13
0.01,-13.2,-1.08036871826e-08,5.82142926386e-15,5.82142926386e-13
0.01,-13.1,-1.08036871826e-08,5.82142926386e-15,5.82142926386e-13
0.01,-13,-1.08036871826e-08,5.82142926386e-15,5.82142926386e-13
0.01,-12.9,-1.08036871826e-08,5.82142926386e-15,5.82142926386e-13
0.01,-12.8,-1.08036871826e-08,5.82142926386e-15,5.82142926386e-13
0.01,-12.7,-1.08036871826e-08,5.82142926386e-15,5.82142926386e-13
0.01,-12.6,-1.08036871826e-08,5.82142926386e-15,5.82142926386e-13
0.01,-12.5,-1.08036871826e-08,5.82142926386e-15,5.82142926386e-13
0.01,-12.4,1.08036872937e-08,5.82142938351e-15,5.82142938351e-13
0.01,-12.3,1.08036872937e-08,5.82142938351e-15,5.82142938351e-13
0.01,-12.2,-1.08036876267e-08,5.82142974244e-15,5.82142974244e-13
0.01,-12.1,1.08036866275e-08,5.82142866563e-15,5.82142866563e-13
0.01,-12,1.08036859614e-08,5.82142794776e-15,5.82142794776e-13
0.01,-11.9,1.08036847402e-08,5.82142663165e-15,5.82142663165e-13
0.01,-11.8,1.08036828528e-08,5.82142459767e-15,5.82142459767e-13
0.01,-11.7,1.08036793001e-08,5.821420769e-15,5.821420769e-13
0.01,-11.6,1.08036733049e-08,5.82141430813e-15,5.82141430813e-13
0.01,-11.5,1.08036635349e-08,5.82140377931e-15,5.82140377931e-13
0.01,-11.4,1.08036468815e-08,5.82138583248e-15,5.82138583248e-13
0.01,-11.3,1.0803619015e-08,5.82135580151e-15,5.82135580151e-13
0.01,-11.2,1.080357361e-08,5.82130687014e-15,5.82130687014e-13
0.01,-11.1,1.0803520129e-08,5.82124923585e-15,5.82124923585e-13
0.01,-11,1.08034320387e-08,5.82115430503e-15,5.82115430503e-13
0.01,-10.9,-4.78222404766e-13,1.14063176269e-23,1.14063176269e-21
0.01,-10.8,-8.12796939319e-13,3.2949569305e-23,3.2949569305e-21
0.01,-10.7,-1.35597249448e-12,9.17038107618e-23,9.17038107618e-21
0.01,-10.6,-2.2324763383e-12,2.48576089828e-22,2.48576089828e-20
0.01,-10.5,-3.6380913929e-12,6.60135111378e-22,6.60135111378e-20
0.01,-10.4,-5.88165145373e-12,1.72537774679e-21,1.72537774679e-19
0.01,-10.3,-9.44245058484e-12,4.4468764612e-21,4.4468764612e-19
0.01,-10.2,-1.50654304871e-11,1.13200596389e-20,1.13200596389e-18
0.01,-10.1,-2.38996514085e-11,2.84884457581e-20,2.84884457581e-18
0.01,-10,-3.77071262312e-11,7.09140832229e-20,7.09140832229e-18
0.01,-9.9,-5.91788942676e-11,1.74670400336e-19,1.74670400336e-17
0.01,-9.8,-9.23986560162e-11,4.25811054045e-19,4.25811054045e-17
0.01,-9.7,-1.43530670514e-10,1.02748395902e-18,1.02748395902e-16
0.01,-9.6,-2.21799267864e-10,2.45361173192e-18,2.45361173192e-16
0.01,-9.5,-3.41093913696e-10,5.80274603292e-18,5.80274603292e-16
0.01,-9.4,-5.21912698069e-10,1.35856790227e-17,1.35856790227e-15
0.01,-9.3,-7.94580990893e-10,3.14892244932e-17,3.14892244932e-15
0.01,-9.2,-1.20365036328e-09,7.22580646898e-17,7.22580646898e-15
0.01,-9.1,-1.81420138121e-09,1.64155942722e-16,1.64155942722e-14
0.01,-9,-2.72079323244e-09,3.69212758787e-16,3.69212758787e-14
0.01,-8.9,-4.06001818464e-09,8.22132052849e-16,8.22132052849e-14
0.01,-8.8,-6.02825736131e-09,1.81246318275e-15,1.81246318275e-13
0.01,-8.7,-8.90598907278e-09,3.9559422127e-15,3.9559422127e-13
0.01,-8.6,-1.30918040281e-08,8.54839564637e-15,8.54839564637e-13
0.01,-8.5,-1.33896441991e-08,8.94177415356e-15,8.94177415356e-13
0.01,-8.4,-2.78685655565e-08,3.87360072906e-14,3.87360072906e-12
0.01,-8.3,5.05108567417e-09,1.27249209415e-15,1.27249209415e-13
0.01,-8.2,-1.35477602833e-08,9.15420492238e-15,9.15420492238e-13
0.01,-8.1,-3.39015599671e-09,5.73224822045e-16,5.73224822045e-14
0.01,-8,-9.74861917155e-09,4.73992896518e-15,4.73992896518e-13
0.01,-7.9,-1.63920325824e-08,1.34014330265e-14,1.34014330265e-12
0.01,-7.8,-1.19318888812e-08,7.10074674677e-15,7.10074674677e-13
0.01,-7.7,-4.45654278906e-08,9.90562275848e-14,9.90562275848e-12
0.01,-7.6,-6.91226837953e-08,2.38301516961e-13,2.38301516961e-11
0.01,-7.5,-1.09826590228e-07,6.01590020997e-13,6.01590020997e-11
0.01,-7.4,-1.50696626629e-07,1.13264205872e-12,1.13264205872e-10
0.01,-7.3,-2.14445212586e-07,2.29360345142e-12,2.29360345142e-10
0.01,-7.2,-3.1339694192e-07,4.89863557132e-12,4.89863557132e-10
0.01,-7.1,-4.44268274091e-07,9.84410470642e-12,9.84410470642e-10
0.01,-7,-5.96969885412e-07,1.77742166628e-11,1.77742166628e-09
0.01,-6.9,-8.68214225967e-07,3.75958075896e-11,3.75958075896e-09
0.01,-6.8,-1.20324150498e-06,7.22089835066e-11,7.22089835066e-09
0.01,-6.7,-1.667381323e-06,1.38661370389e-10,1.38661370389e-08
0.01,-6.6,-2.28316156626e-06,2.59991358486e-10,2.59991358486e-08
0.01,-6.5,-3.12019772592e-06,4.85567773008e-10,4.85567773008e-08
0.01,-6.4,-4.24163602358e-06,8.97330481622e-10,8.97330481622e-08
0.01,-6.3,-5.73457020247e-06,1.64016435946e-09,1.64016435946e-07
0.01,-6.2,-7.71494966236e-06,2.96860091236e-09,2.96860091236e-07
0.01,-6.1,-1.03064739709e-05,5.29792547197e-09,5.29792547197e-07
0.01,-6,-1.37409659193e-05,9.41716430904e-09,9.41716430904e-07
0.01,-5.9,-1.81940994819e-05,1.65099878284e-08,1.65099878284e-06
0.01,-5.8,-2.39483656648e-05,2.8604699153e-08,2.8604699153e-06
0.01,-5.7,-3.14082976138e-05,4.92010553115e-08,4.92010553115e-06
0.01,-5.6,-4.09001328374e-05,8.34324621503e-08,8.34324621503e-06
0.01,-5.5,-5.30346684119e-05,1.40283094941e-07,1.40283094941e-05
0.01,-5.4,-6.83853937016e-05,2.33244991108e-07,2.33244991108e-05
0.01,-5.3,-8.77078155006e-05,3.83673860344e-07,3.83673860344e-05
0.01,-5.2,-0.000111890030844,6.24407930291e-07,6.24407930291e-05
0.01,-5.1,-0.000141976675467,1.00535543026e-06,0.000100535543026
0.01,-5,-0.000179187953342,1.60141259964e-06,0.000160141259964
0.01,-4.9,-0.000224942709133,2.52365198963e-06,0.000252365198963
0.01,-4.8,-0.000280860909383,3.93430675408e-06,0.000393430675408
0.01,-4.7,-0.000348765429993,6.06669950915e-06,0.000606669950915
0.01,-4.6,-0.00043075596556,9.25439909554e-06,0.000925439909554
0.01,-4.5,-0.000529136538986,1.39643629371e-05,0.00139643629371
0.01,-4.4,-0.000646435691151,2.08418505134e-05,0.00208418505134
0.01,-4.3,-0.000785412662676,3.07667356954e-05,0.00307667356954
0.01,-4.2,-0.00094903020911,4.49206153518e-05,0.00449206153518
0.01,-4.1,-0.00114040060202,6.48635178601e-05,0.00648635178601
0.01,-4,-0.00136278349467,9.26273742312e-05,0.00926273742312
0.01,-3.9,-0.00161939378388,0.000130794824302,0.0130794824302
0.01,-3.8,-0.0019135705211,0.000182631029389,0.0182631029389
0.01,-3.7,-0.00224839595312,0.000252133883392,0.0252133883392
0.01,-3.6,-0.00262679480733,0.00034414219251,0.034414219251
0.01,-3.5,-0.00305128502715,0.000464356125533,0.0464356125533
0.01,-3.4,-0.00352387306023,0.000619335727912,0.0619335727912
0.01,-3.3,-0.00404589915841,0.00081642394015,0.081642394015
0.01,-3.2,-0.00461783768465,0.00106356233824,0.106356233824
0.01,-3.1,-0.00523917784117,0.00136902665593,0.136902665593
0.01,-3,-0.00590814865918,0.00174095863237,0.174095863237
0.01,-2.9,-0.00662173004288,0.00218689819256,0.218689819256
0.01,-2.8,-0.00737529503493,0.00271296642655,0.271296642655
0.01,-2.7,-0.00816266452312,0.003323146739,0.3323146739
0.01,-2.6,-0.00897594002402,0.00401832914288,0.401832914288
0.01,-2.5,-0.00980551012397,0.0047954129073,0.47954129073
0.01,-2.4,-0.0106399625883,0.00564632438303,0.564632438303
0.01,-2.3,-0.0114663853133,0.00655750584306,0.655750584306
0.01,-2.2,-0.0122703076106,0.00750924931969,0.750924931969
0.01,-2.1,-0.0130360300187,0.00847571464583,0.847571464583
0.01,-2,-0.0137469113541,0.00942531530066,0.942531530066
0.01,-1.9,-0.0143857193332,0.0103216419318,1.03216419318
0.01,-1.8,-0.0149350550774,0.0111249810557,1.11249810557
0.01,-1.7,-0.0153778171952,0.0117943771416,1.17943771416
0.01,-1.6,-0.015697686698,0.0122901430258,1.22901430258
0.01,-1.5,-0.0158797286083,0.0125768469164,1.25768469164
0.01,-1.4,-0.0159106704564,0.0126259069513,1.26259069513
0.01,-1.3,-0.0157796472009,0.0124188162486,1.24188162486
0.01,-1.2,-0.0154783017083,0.011949018642,1.1949018642
0.01,-1.1,-0.0150014031327,0.0112240446857,1.12240446857
0.01,-1,-0.0143469668086,0.0102661075614,1.02661075614
0.01,-0.9,-0.0135164552765,0.00911194829135,0.911194829135
0.01,-0.8,-0.0125148317939,0.00781152193663,0.781152193663
0.01,-0.7,-0.011350616007,0.00642575978749,0.642575978749
0.01,-0.6,-0.0100356557697,0.00502316143277,0.502316143277
0.01,-0.5,-0.00858491851859,0.00367585166936,0.367585166936
0.01,-0.4,-0.00701636252506,0.00245532883207,0.245532883207
0.01,-0.3,-0.00535036567405,0.00142775126414,0.142775126414
0.01,-0.2,-0.0036094272686,0.000649773825801,0.0649773825801
0.01,-0.1,-0.00181755636109,0.000164763647169,0.0164763647169
0.01,0,-1.08036870716e-08,5.82142914421e-15,5.82142914421e-13
0.01,0.1,0.00181757607741,0.000164767221804,0.0164767221804
0.01,0.2,0.00360940667061,0.000649766409668,0.0649766409668
0.01,0.3,0.0053503553279,0.00142774574238,0.142774574238
0.01,0.4,0.00701636211649,0.00245532854612,0.245532854612
0.01,0.5,0.00858491783779,0.00367585108636,0.367585108636
0.01,0.6,0.0100356451417,0.00502315079348,0.502315079348
0.01,0.7,0.011350616007,0.00642575978749,0.642575978749
0.01,0.8,0.0125148317939,0.00781152193663,0.781152193663
0.01,0.9,0.0135164572556,0.00911195095975,0.911195095975
0.01,1,0.0143469668086,0.0102661075614,1.02661075614
0.01,1.1,0.0150014018085,0.0112240427042,1.12240427042
0.01,1.2,0.0154783007987,0.0119490172377,1.19490172377
0.01,1.3,0.0157796472009,0.0124188162486,1.24188162486
0.01,1.4,0.0159106845326,0.0126259292916,1.26259292916
0.01,1.5,0.0158797286083,0.0125768469164,1.25768469164
0.01,1.6,0.015697706606,0.0122901741989,1.22901741989
0.01,1.7,0.0153778153005,0.0117943742352,1.17943742352
0.01,1.8,0.0149350550774,0.0111249810557,1.11249810557
0.01,1.9,0.0143856939672,0.0103216055321,1.03216055321
0.01,2,0.0137468940808,0.00942529161446,0.942529161446
0.01,2.1,0.0130360300187,0.00847571464583,0.847571464583
0.01,2.2,0.0122703145872,0.00750925785881,0.750925785881
0.01,2.3,0.0114663837402,0.00655750404381,0.655750404381
0.01,2.4,0.0106399619706,0.00564632372752,0.564632372752
0.01,2.5,0.00980551012397,0.0047954129073,0.47954129073
0.01,2.6,0.00897594229001,0.00401833117175,0.401833117175
0.01,2.7,0.00816266452312,0.003323146739,0.3323146739
0.01,2.8,0.00737529503493,0.00271296642655,0.271296642655
0.01,2.9,0.00662172710599,0.00218689625268,0.218689625268
0.01,3,0.00590814865918,0.00174095863237,0.174095863237
0.01,3.1,0.0052391923761,0.00136903425206,0.136903425206
0.01,3.2,0.00461783318982,0.00106356026778,0.106356026778
0.01,3.3,0.00404589828897,0.00081642358926,0.081642358926
0.01,3.4,0.00352387306023,0.000619335727912,0.0619335727912
0.01,3.5,0.00305128369524,0.00046435572014,0.046435572014
0.01,3.6,0.00262679334151,0.00034414180843,0.034414180843
0.01,3.7,0.00224839595312,0.000252133883392,0.0252133883392
0.01,3.8,0.00191357567475,0.000182632013117,0.0182632013117
0.01,3.9,0.00161939293403,0.000130794687022,0.0130794687022
0.01,4,0.00136278349467,9.26273742313e-05,0.00926273742313
0.01,4.1,0.00114040021458,6.48634737864e-05,0.00648634737864
0.01,4.2,0.000949029300282,4.49205293164e-05,0.00449205293164
0.01,4.3,0.000785412541345,3.07667261896e-05,0.00307667261896
0.01,4.4,0.000646434426639,2.08417689748e-05,0.00208417689748
0.01,4.5,0.000529134365169,1.39642481997e-05,0.00139642481997
0.01,4.6,0.000430755965561,9.25439909558e-06,0.000925439909558
0.01,4.7,0.000348765574512,6.06670453688e-06,0.000606670453688
0.01,4.8,0.000280860909384,3.93430675412e-06,0.000393430675412
0.01,4.9,0.000224939823466,2.52358724094e-06,0.000252358724094
0.01,5,0.00017918507702,1.60136118836e-06,0.000160136118836
0.01,5.1,0.000141976675468,1.00535543027e-06,0.000100535543027
0.01,5.2,0.000111890123538,6.24408964854e-07,6.24408964854e-05
0.01,5.3,8.77078019043e-05,3.83673741391e-07,3.83673741391e-05
0.01,5.4,6.838535011e-05,2.33244693749e-07,2.33244693749e-05
0.01,5.5,5.30346687948e-05,1.40283096966e-07,1.40283096966e-05
0.01,5.6,4.09001327513e-05,8.34324617992e-08,8.34324617992e-06
0.01,5.7,3.13992904104e-05,4.91728398144e-08,4.91728398144e-06
0.01,5.8,2.3948517814e-05,2.86050626177e-08,2.86050626177e-06
0.01,5.9,1.81940736681e-05,1.65099409796e-08,1.65099409796e-06
0.01,6,1.37408523776e-05,9.41700868145e-09,9.41700868145e-07
0.01,6.1,1.03064740189e-05,5.29792552127e-09,5.29792552127e-07
0.01,6.2,7.71494966222e-06,2.96860091225e-09,2.96860091225e-07
0.01,6.3,5.73457020281e-06,1.64016435965e-09,1.64016435965e-07
0.01,6.4,4.24144858644e-06,8.97251177628e-10,8.97251177628e-08
0.01,6.5,3.12012673639e-06,4.85545678362e-10,4.85545678362e-08
0.01,6.6,2.28301175421e-06,2.59957240393e-10,2.59957240393e-08
0.01,6.7,1.66352203819e-06,1.38020228008e-10,1.38020228008e-08
0.01,6.8,1.20227716917e-06,7.2093286359e-11,7.2093286359e-09
0.01,6.9,8.67911227945e-07,3.75695710521e-11,3.75695710521e-09
0.01,7,5.96969886432e-07,1.77742167235e-11,1.77742167235e-09
0.01,7.1,4.44087325638e-07,9.83608742106e-12,9.83608742106e-10
0.01,7.2,3.12263396966e-07,4.86326329598e-12,4.86326329598e-10
0.01,7.3,2.14445057194e-07,2.29360012744e-12,2.29360012744e-10
0.01,7.4,1.39458617797e-07,9.70010278191e-13,9.70010278191e-11
0.01,7.5,1.08136986451e-07,5.83222336096e-13,5.83222336096e-11
0.01,7.6,5.9219158209e-08,1.74908164538e-13,1.74908164538e-11
0.01,7.7,4.19222809577e-08,8.76547451719e-14,8.76547451719e-12
0.01,7.8,1.19319028283e-08,7.10076334679e-15,7.10076334679e-13
0.01,7.9,1.16302913121e-08,6.74631800525e-15,6.74631800525e-13
0.01,8,9.74885284987e-09,4.74015620391e-15,4.74015620391e-13
0.01,8.1,1.56102697891e-08,1.21536420393e-14,1.21536420393e-12
0.01,8.2,-1.34247887688e-08,8.98877573503e-15,8.98877573503e-13
0.01,8.3,-1.73766974615e-08,1.50598311555e-14,1.50598311555e-12
0.01,8.4,1.94869062307e-08,1.89396266557e-14,1.89396266557e-12
0.01,8.5,-3.97556412157e-09,7.88284792257e-16,7.88284792257e-14
0.01,8.6,9.15438978001e-09,4.17969337877e-15,4.17969337877e-13
0.01,8.7,6.22751610393e-09,1.93426218577e-15,1.93426218577e-13
0.01,8.8,4.21530094076e-09,8.86222544699e-16,8.86222544699e-14
0.01,8.9,2.83903883007e-09,4.02002068761e-16,4.02002068761e-14
0.01,9,1.90255173706e-09,1.80533821057e-16,1.80533821057e-14
0.01,9.1,1.26863588372e-09,8.02711723416e-17,8.02711723416e-15
0.01,9.2,8.41723801972e-10,3.53366064243e-17,3.53366064243e-15
0.01,9.3,5.55695252732e-10,1.54013573022e-17,1.54013573022e-15
0.01,9.4,3.65040349798e-10,6.64610758007e-18,6.64610758007e-16
0.01,9.5,2.38610279411e-10,2.83964416162e-18,2.83964416162e-16
0.01,9.6,1.55199994035e-10,1.20134853608e-18,1.20134853608e-16
0.01,9.7,1.00420071837e-10,5.02952160981e-19,5.02952160981e-17
0.01,9.8,6.46711214111e-11,2.08596206712e-19,2.08596206712e-17
0.01,9.9,4.14468912107e-11,8.56780444403e-20,8.56780444403e-18
0.01,10,2.64368588693e-11,3.48582297694e-20,3.48582297694e-18
0.01,10.1,1.67853040264e-11,1.40521910853e-20,1.40521910853e-18
0.01,10.2,1.06109291244e-11,5.61555196422e-21,5.61555196422e-19
0.01,10.3,6.68123903128e-12,2.22638179517e-21,2.22638179517e-19
0.01,10.4,4.1928978857e-12,8.76827565083e-22,8.76827565083e-20
0.01,10.5,2.62494730918e-12,3.43658273115e-22,3.43658273115e-20
0.01,10.6,1.64221564304e-12,1.34507342555e-22,1.34507342555e-20
0.01,10.7,1.02878634369e-12,5.27880968063e-23,5.27880968063e-21
0.01,10.8,6.47697052745e-13,2.09232654431e-23,2.09232654431e-21
0.01,10.9,4.11813615673e-13,8.45837676077e-24,8.45837676077e-22
0.01,11,-1.08034319205e-08,5.8211541776e-15,5.8211541776e-13
0.01,11.1,-1.08035200215e-08,5.82124911996e-15,5.82124911996e-13
0.01,11.2,-1.08035734917e-08,5.82130674272e-15,5.82130674272e-13
0.01,11.3,-1.08036184598e-08,5.82135520328e-15,5.82135520328e-13
0.01,11.4,-1.08036463264e-08,5.82138523425e-15,5.82138523425e-13
0.01,11.5,-1.08036627577e-08,5.82140294179e-15,5.82140294179e-13
0.01,11.6,-1.08036728608e-08,5.82141382955e-15,5.82141382955e-13
0.01,11.7,-1.0803678856e-08,5.82142029042e-15,5.82142029042e-13
0.01,11.8,-1.08036822977e-08,5.82142399944e-15,5.82142399944e-13
0.01,11.9,-1.0803684185e-08,5.82142603342e-15,5.82142603342e-13
0.01,12,-1.08036854063e-08,5.82142734953e-15,5.82142734953e-13
0.01,12.1,-1.08036861834e-08,5.82142818705e-15,5.82142818705e-13
0.01,12.2,-1.08036867386e-08,5.82142878528e-15,5.82142878528e-13
0.01,12.3,-1.08036867386e-08,5.82142878528e-15,5.82142878528e-13
0.01,12.4,-1.08036867386e-08,5.82142878528e-15,5.82142878528e-13
0.01,12.5,-1.08036870716e-08,5.82142914421e-15,5.82142914421e-13
0.01,12.6,-1.08036870716e-08,5.82142914421e-15,5.82142914421e-13
0.01,12.7,-1.08036871826e-08,5.82142926386e-15,5.82142926386e-13
0.01,12.8,-1.08036870716e-08,5.82142914421e-15,5.82142914421e-13
0.01,12.9,-1.08036871826e-08,5.82142926386e-15,5.82142926386e-13
0.01,13,-1.08036870716e-08,5.82142914421e-15,5.82142914421e-13
0.01,13.1,-1.08036871826e-08,5.82142926386e-15,5.82142926386e-13
0.01,13.2,-1.08036870716e-08,5.82142914421e-15,5.82142914421e-13
0.01,13.3,-1.08036870716e-08,5.82142914421e-15,5.82142914421e-13
0.01,13.4,-1.08036870716e-08,5.82142914421e-15,5.82142914421e-13
0.01,13.5,-1.08036871826e-08,5.82142926386e-15,5.82142926386e-13
0.01,13.6,-1.08036871826e-08,5.82142926386e-15,5.82142926386e-13
0.01,13.7,-1.08036871826e-08,5.82142926386e-15,5.82142926386e-13
0.01,13.8,-1.08036871826e-08,5.82142926386e-15,5.82142926386e-13
0.01,13.9,-1.08036871826e-08,5.82142926386e-15,5.82142926386e-13
0.01,14,-1.08036871826e-08,5.82142926386e-15,5.82142926386e-13
0.01,14.1,-1.08036871826e-08,5.82142926386e-15,5.82142926386e-13
0.01,14.2,-1.08036871826e-08,5.82142926386e-15,5.82142926386e-13
0.01,14.3,-1.08036871826e-08,5.82142926386e-15,5.82142926386e-13
0.01,14.4,-1.08036871826e-08,5.82142926386e-15,5.82142926386e-13
0.01,14.5,-1.08036871826e-08,5.82142926386e-15,5.82142926386e-13
0.01,14.6,-1.08036871826e-08,5.82142926386e-15,5.82142926386e-13
0.01,14.7,-1.08036871826e-08,5.82142926386e-15,5.82142926386e-13
0.01,14.8,-1.08036871826e-08,5.82142926386e-15,5.82142926386e-13
0.01,14.9,-1.08036871826e-08,5.82142926386e-15,5.82142926386e-13
0.01,15,-1.08036871826e-08,5.82142926386e-15,5.82142926386e-13
0.01,15.1,-1.08036871826e-08,5.82142926386e-15,5.82142926386e-13
0.01,15.2,-1.08036871826e-08,5.82142926386e-15,5.82142926386e-13
0.01,15.3,-1.08036871826e-08,5.82142926386e-15,5.82142926386e-13
0.01,15.4,-1.08036871826e-08,5.82142926386e-15,5.82142926386e-13
0.01,15.5,-1.08036871826e-08,5.82142926386e-15,5.82142926386e-13
0.01,15.6,-1.08036871826e-08,5.82142926386e-15,5.82142926386e-13
0.01,15.7,-1.08036871826e-08,5.82142926386e-15,5.82142926386e-13
0.01,15.8,-1.08036871826e-08,5.82142926386e-15,5.82142926386e-13
0.01,15.9,-1.08036871826e-08,5.82142926386e-15,5.82142926386e-13
0.01,16,-1.08036871826e-08,5.82142926386e-15,5.82142926386e-13
0.01,16.1,-1.08036871826e-08,5.82142926386e-15,5.82142926386e-13
0.01,16.2,-1.08036871826e-08,5.82142926386e-15,5.82142926386e-13
0.01,16.3,-1.08036871826e-08,5.82142926386e-15,5.82142926386e-13
0.01,16.4,-1.08036871826e-08,5.82142926386e-15,5.82142926386e-13
0.01,16.5,-1.08036871826e-08,5.82142926386e-15,5.82142926386e-13
0.01,16.6,-1.08036871826e-08,5.82142926386e-15,5.82142926386e-13
0.01,16.7,-1.08036871826e-08,5.82142926386e-15,5.82142926386e-13
0.01,16.8,-1.08036871826e-08,5.82142926386e-15,5.82142926386e-13
0.01,16.9,-1.08036871826e-08,5.82142926386e-15,5.82142926386e-13
0.01,17,-1.08036871826e-08,5.82142926386e-15,5.82142926386e-13
0.01,17.1,-1.08036871826e-08,5.82142926386e-15,5.82142926386e-13
0.01,17.2,-1.08036871826e-08,5.82142926386e-15,5.82142926386e-13
0.01,17.3,-1.08036871826e-08,5.82142926386e-15,5.82142926386e-13
0.01,17.4,-1.08036871826e-08,5.82142926386e-15,5.82142926386e-13
0.01,17.5,-1.08036871826e-08,5.82142926386e-15,5.82142926386e-13
0.01,17.6,-1.08036871826e-08,5.82142926386e-15,5.82142926386e-13
0.01,17.7,-1.08036871826e-08,5.82142926386e-15,5.82142926386e-13
0.01,17.8,-1.08036871826e-08,5.82142926386e-15,5.82142926386e-13
0.01,17.9,-1.08036871826e-08,5.82142926386e-15,5.82142926386e-13
0.01,18,-1.08036871826e-08,5.82142926386e-15,5.82142926386e-13
0.01,18.1,-1.08036871826e-08,5.82142926386e-15,5.82142926386e-13
0.01,18.2,-1.08036871826e-08,5.82142926386e-15,5.82142926386e-13
0.01,18.3,-1.08036871826e-08,5.82142926386e-15,5.82142926386e-13
0.01,18.4,-1.08036871826e-08,5.82142926386e-15,5.82142926386e-13
0.01,18.5,-1.08036871826e-08,5.82142926386e-15,5.82142926386e-13
0.01,18.6,-1.08036871826e-08,5.82142926386e-15,5.82142926386e-13
0.01,18.7,-1.08036871826e-08,5.82142926386e-15,5.82142926386e-13
0.01,18.8,-1.08036871826e-08,5.82142926386e-15,5.82142926386e-13
0.01,18.9,-1.08036871826e-08,5.82142926386e-15,5.82142926386e-13
0.01,19,-1.08036871826e-08,5.82142926386e-15,5.82142926386e-13
0.01,19.1,-1.08036871826e-08,5.82142926386e-15,5.82142926386e-13
0.01,19.2,-1.08036871826e-08,5.82142926386e-15,5.82142926386e-13
0.01,19.3,-1.08036871826e-08,5.82142926386e-15,5.82142926386e-13
0.01,19.4,-1.08036871826e-08,5.82142926386e-15,5.82142926386e-13
0.01,19.5,-1.08036871826e-08,5.82142926386e-15,5.82142926386e-13
0.01,19.6,-1.08036871826e-08,5.82142926386e-15,5.82142926386e-13
0.01,19.7,-1.08036871826e-08,5.82142926386e-15,5.82142926386e-13
0.01,19.8,-1.08036871826e-08,5.82142926386e-15,5.82142926386e-13
0.01,19.9,-1.08036871826e-08,5.82142926386e-15,5.82142926386e-13
0.01,20,-1.08036871826e-08,5.82142926386e-15,5.82142926386e-13
0.01,20.1,-1.08036871826e-08,5.82142926386e-15,5.82142926386e-13
0.01,20.2,-1.08036871826e-08,5.82142926386e-15,5.82142926386e-13
0.01,20.3,-1.08036871826e-08,5.82142926386e-15,5.82142926386e-13
0.01,20.4,-1.08036871826e-08,5.82142926386e-15,5.82142926386e-13
0.01,20.5,-1.08036871826e-08,5.82142926386e-15,5.82142926386e-13
0.01,20.6,-1.08036871826e-08,5.82142926386e-15,5.82142926386e-13
0.01,20.7,-1.08036871826e-08,5.82142926386e-15,5.82142926386e-13
0.01,20.8,-1.08036871826e-08,5.82142926386e-15,5.82142926386e-13
0.01,20.9,-1.08036871826e-08,5.82142926386e-15,5.82142926386e-13
0.01,21,-1.08036871826e-08,5.82142926386e-15,5.82142926386e-13
0.01,21.1,-1.08036871826e-08,5.82142926386e-15,5.82142926386e-13
0.01,21.2,-1.08036871826e-08,5.82142926386e-15,5.82142926386e-13
0.01,21.3,-1.08036871826e-08,5.82142926386e-15,5.82142926386e-13
0.01,21.4,-1.08036871826e-08,5.82142926386e-15,5.82142926386e-13
0.01,21.5,-1.08036871826e-08,5.82142926386e-15,5.82142926386e-13
0.01,21.6,-1.08036871826e-08,5.82142926386e-15,5.82142926386e-13
0.01,21.7,-1.08036871826e-08,5.82142926386e-15,5.82142926386e-13
0.01,21.8,-1.08036871826e-08,5.82142926386e-15,5.82142926386e-13
0.01,21.9,-1.08036871826e-08,5.82142926386e-15,5.82142926386e-13
0.01,22,-1.08036871826e-08,5.82142926386e-15,5.82142926386e-13
0.01,22.1,-1.08036871826e-08,5.82142926386e-15,5.82142926386e-13
0.01,22.2,-1.08036871826e-08,5.82142926386e-15,5.82142926386e-13
0.01,22.3,-1.08036871826e-08,5.82142926386e-15,5.82142926386e-13
0.01,22.4,-1.08036871826e-08,5.82142926386e-15,5.82142926386e-13
0.01,22.5,-1.08036871826e-08,5.82142926386e-15,5.82142926386e-13
0.01,22.6,-1.08036871826e-08,5.82142926386e-15,5.82142926386e-13
0.01,22.7,-1.08036871826e-08,5.82142926386e-15,5.82142926386e-13
0.01,22.8,-1.08036871826e-08,5.82142926386e-15,5.82142926386e-13
0.01,22.9,-1.08036871826e-08,5.82142926386e-15,5.82142926386e-13
0.01,23,-1.08036871826e-08,5.82142926386e-15,5.82142926386e-13
0.01,23.1,-1.08036871826e-08,5.82142926386e-15,5.82142926386e-13
0.01,23.2,-1.08036871826e-08,5.82142926386e-15,5.82142926386e-13
0.01,23.3,-1.08036871826e-08,5.82142926386e-15,5.82142926386e-13
0.01,23.4,-1.08036871826e-08,5.82142926386e-15,5.82142926386e-13
0.01,23.5,-1.08036871826e-08,5.82142926386e-15,5.82142926386e-13
0.01,23.6,-1.08036871826e-08,5.82142926386e-15,5.82142926386e-13
0.01,23.7,-1.08036871826e-08,5.82142926386e-15,5.82142926386e-13
0.01,23.8,-1.08036871826e-08,5.82142926386e-15,5.82142926386e-13
0.01,23.9,-1.08036871826e-08,5.82142926386e-15,5.82142926386e-13
0.01,24,-1.08036871826e-08,5.82142926386e-15,5.82142926386e-13
0.01,24.1,-1.08036871826e-08,5.82142926386e-15,5.82142926386e-13
0.01,24.2,-1.08036871826e-08,5.82142926386e-15,5.82142926386e-13
0.01,24.3,-1.08036871826e-08,5.82142926386e-15,5.82142926386e-13
0.01,24.4,-1.08036871826e-08,5.82142926386e-15,5.82142926386e-13
0.01,24.5,-1.08036871826e-08,5.82142926386e-15,5.82142926386e-13
0.01,24.6,-1.08036871826e-08,5.82142926386e-15,5.82142926386e-13
0.01,24.7,-1.08036871826e-08,5.82142926386e-15,5.82142926386e-13
0.01,24.8,-1.08036871826e-08,5.82142926386e-15,5.82142926386e-13
0.01,24.9,-1.08036871826e-08,5.82142926386e-15,5.82142926386e-13
0.01,25,-1.08036871826e-08,5.82142926386e-15,5.82142926386e-13
0.001,-25,-1.08036870716e-08,5.82142914421e-15,5.82142914421e-12
0.001,-24.9,-1.08036870716e-08,5.82142914421e-15,5.82142914421e-12
0.001,-24.8,-1.08036870716e-08,5.82142914421e-15,5.82142914421e-12
0.001,-24.7,-1.08036870716e-08,5.82142914421e-15,5.82142914421e-12
0.001,-24.6,-1.08036870716e-08,5.82142914421e-15,5.82142914421e-12
0.001,-24.5,-1.08036870716e-08,5.82142914421e-15,5.82142914421e-12
0.001,-24.4,-1.08036870716e-08,5.82142914421e-15,5.82142914421e-12
0.001,-24.3,-1.08036870716e-08,5.82142914421e-15,5.82142914421e-12
0.001,-24.2,-1.08036870716e-08,5.82142914421e-15,5.82142914421e-12
0.001,-24.1,-1.08036870716e-08,5.82142914421e-15,5.82142914421e-12
0.001,-24,-1.08036870716e-08,5.82142914421e-15,5.82142914421e-12
0.001,-23.9,-1.08036870716e-08,5.82142914421e-15,5.82142914421e-12
0.001,-23.8,-1.08036870716e-08,5.82142914421e-15,5.82142914421e-12
0.001,-23.7,-1.08036870716e-08,5.82142914421e-15,5.82142914421e-12
0.001,-23.6,-1.08036870716e-08,5.82142914421e-15,5.82142914421e-12
0.001,-23.5,-1.08036870716e-08,5.82142914421e-15,5.82142914421e-12
0.001,-23.4,-1.08036870716e-08,5.82142914421e-15,5.82142914421e-12
0.001,-23.3,-1.08036870716e-08,5.82142914421e-15,5.82142914421e-12
0.001,-23.2,-1.08036870716e-08,5.82142914421e-15,5.82142914421e-12
0.001,-23.1,-1.08036870716e-08,5.82142914421e-15,5.82142914421e-12
0.001,-23,-1.08036870716e-08,5.82142914421e-15,5.82142914421e-12
0.001,-22.9,-1.08036870716e-08,5.82142914421e-15,5.82142914421e-12
0.001,-22.8,-1.08036870716e-08,5.82142914421e-15,5.82142914421e-12
0.001,-22.7,-1.08036870716e-08,5.82142914421e-15,5.82142914421e-12
0.001,-22.6,-1.08036870716e-08,5.82142914421e-15,5.82142914421e-12
0.001,-22.5,-1.08036870716e-08,5.82142914421e-15,5.82142914421e-12
0.001,-22.4,-1.08036870716e-08,5.82142914421e-15,5.82142914421e-12
0.001,-22.3,-1.08036870716e-08,5.82142914421e-15,5.82142914421e-12
0.001,-22.2,-1.08036870716e-08,5.82142914421e-15,5.82142914421e-12
0.001,-22.1,-1.08036870716e-08,5.82142914421e-15,5.82142914421e-12
0.001,-22,-1.08036870716e-08,5.82142914421e-15,5.82142914421e-12
0.001,-21.9,-1.08036870716e-08,5.82142914421e-15,5.82142914421e-12
0.001,-21.8,-1.08036870716e-08,5.82142914421e-15,5.82142914421e-12
0.001,-21.7,-1.08036870716e-08,5.82142914421e-15,5.82142914421e-12
0.001,-21.6,-1.08036870716e-08,5.82142914421e-15,5.82142914421e-12
0.001,-21.5,-1.08036870716e-08,5.82142914421e-15,5.82142914421e-12
0.001,-21.4,-1.08036870716e-08,5.82142914421e-15,5.82142914421e-12
0.001,-21.3,-1.08036870716e-08,5.82142914421e-15,5.82142914421e-12
0.001,-21.2,-1.08036870716e-08,5.82142914421e-15,5.82142914421e-12
0.001,-21.1,-1.08036870716e-08,5.82142914421e-15,5.82142914421e-12
0.001,-21,-1.08036870716e-08,5.82142914421e-15,5.82142914421e-12
0.001,-20.9,-1.08036870716e-08,5.82142914421e-15,5.82142914421e-12
0.001,-20.8,-1.08036870716e-08,5.82142914421e-15,5.82142914421e-12
0.001,-20.7,-1.08036870716e-08,5.82142914421e-15,5.82142914421e-12
0.001,-20.6,-1.08036870716e-08,5.82142914421e-15,5.82142914421e-12
0.001,-20.5,-1.08036870716e-08,5.82142914421e-15,5.82142914421e-12
0.001,-20.4,-1.08036870716e-08,5.82142914421e-15,5.82142914421e-12
0.001,-20.3,-1.08036870716e-08,5.82142914421e-15,5.82142914421e-12
0.001,-20.2,-1.08036870716e-08,5.82142914421e-15,5.82142914421e-12
0.001,-20.1,-1.08036870716e-08,5.82142914421e-15,5.82142914421e-12
0.001,-20,-1.08036870716e-08,5.82142914421e-15,5.82142914421e-12
0.001,-19.9,-1.08036870716e-08,5.82142914421e-15,5.82142914421e-12
0.001,-19.8,-1.08036870716e-08,5.82142914421e-15,5.82142914421e-12
0.001,-19.7,-1.08036870716e-08,5.82142914421e-15,5.82142914421e-12
0.001,-19.6,-1.08036870716e-08,5.82142914421e-15,5.82142914421e-12
0.001,-19.5,-1.08036870716e-08,5.82142914421e-15,5.82142914421e-12
0.001,-19.4,-1.08036870716e-08,5.82142914421e-15,5.82142914421e-12
0.001,-19.3,-1.08036870716e-08,5.82142914421e-15,5.82142914421e-12
0.001,-19.2,-1.08036870716e-08,5.82142914421e-15,5.82142914421e-12
0.001,-19.1,-1.08036870716e-08,5.82142914421e-15,5.82142914421e-12
0.001,-19,-1.08036870716e-08,5.82142914421e-15,5.82142914421e-12
0.001,-18.9,-1.08036870716e-08,5.82142914421e-15,5.82142914421e-12
0.001,-18.8,-1.08036870716e-08,5.82142914421e-15,5.82142914421e-12
0.001,-18.7,-1.08036870716e-08,5.82142914421e-15,5.82142914421e-12
0.001,-18.6,-1.08036870716e-08,5.82142914421e-15,5.82142914421e-12
0.001,-18.5,-1.08036870716e-08,5.82142914421e-15,5.82142914421e-12
0.001,-18.4,-1.08036870716e-08,5.82142914421e-15,5.82142914421e-12
0.001,-18.3,-1.08036870716e-08,5.82142914421e-15,5.82142914421e-12
0.001,-18.2,-1.08036870716e-08,5.82142914421e-15,5.82142914421e-12
0.001,-18.1,-1.08036870716e-08,5.82142914421e-15,5.82142914421e-12
0.001,-18,-1.08036870716e-08,5.82142914421e-15,5.82142914421e-12
0.001,-17.9,-1.08036870716e-08,5.82142914421e-15,5.82142914421e-12
0.001,-17.8,-1.08036870716e-08,5.82142914421e-15,5.82142914421e-12
0.001,-17.7,-1.08036870716e-08,5.82142914421e-15,5.82142914421e-12
0.001,-17.6,-1.08036870716e-08,5.82142914421e-15,5.82142914421e-12
0.001,-17.5,-1.08036870716e-08,5.82142914421e-15,5.82142914421e-12
0.001,-17.4,-1.08036870716e-08,5.82142914421e-15,5.82142914421e-12
0.001,-17.3,-1.08036870716e-08,5.82142914421e-15,5.82142914421e-12
0.001,-17.2,-1.08036870716e-08,5.82142914421e-15,5.82142914421e-12
0.001,-17.1,-1.08036870716e-08,5.82142914421e-15,5.82142914421e-12
0.001,-17,-1.08036870716e-08,5.82142914421e-15,5.82142914421e-12
0.001,-16.9,-1.08036870716e-08,5.82142914421e-15,5.82142914421e-12
0.001,-16.8,-1.08036870716e-08,5.82142914421e-15,5.82142914421e-12
0.001,-16.7,-1.08036870716e-08,5.82142914421e-15,5.82142914421e-12
0.001,-16.6,-1.08036870716e-08,5.82142914421e-15,5.82142914421e-12
0.001,-16.5,-1.08036870716e-08,5.82142914421e-15,5.82142914421e-12
0.001,-16.4,-1.08036870716e-08,5.82142914421e-15,5.82142914421e-12
0.001,-16.3,-1.08036870716e-08,5.82142914421e-15,5.82142914421e-12
0.001,-16.2,-1.08036870716e-08,5.82142914421e-15,5.82142914421e-12
0.001,-16.1,-1.08036870716e-08,5.82142914421e-15,5.82142914421e-12
0.001,-16,-1.08036870716e-08,5.82142914421e-15,5.82142914421e-12
0.001,-15.9,-1.08036870716e-08,5.82142914421e-15,5.82142914421e-12
0.001,-15.8,-1.08036870716e-08,5.82142914421e-15,5.82142914421e-12
0.001,-15.7,-1.08036870716e-08,5.82142914421e-15,5.82142914421e-12
0.001,-15.6,-1.08036870716e-08,5.82142914421e-15,5.82142914421e-12
0.001,-15.5,-1.08036870716e-08,5.82142914421e-15,5.82142914421e-12
0.001,-15.4,-1.08036870716e-08,5.82142914421e-15,5.82142914421e-12
0.001,-15.3,-1.08036870716e-08,5.82142914421e-15,5.82142914421e-12
0.001,-15.2,-1.08036870716e-08,5.82142914421e-15,5.82142914421e-12
0.001,-15.1,-1.08036870716e-08,5.82142914421e-15,5.82142914421e-12
0.001,-15,-1.08036870716e-08,5.82142914421e-15,5.82142914421e-12
0.001,-14.9,-1.08036870716e-08,5.82142914421e-15,5.82142914421e-12
0.001,-14.8,-1.08036870716e-08,5.82142914421e-15,5.82142914421e-12
0.001,-14.7,-1.08036870716e-08,5.82142914421e-15,5.82142914421e-12
0.001,-14.6,-1.08036870716e-08,5.82142914421e-15,5.82142914421e-12
0.001,-14.5,-1.08036870716e-08,5.82142914421e-15,5.82142914421e-12
0.001,-14.4,-1.08036870716e-08,5.82142914421e-15,5.82142914421e-12
0.001,-14.3,-1.08036870716e-08,5.82142914421e-15,5.82142914421e-12
0.001,-14.2,-1.08036870716e-08,5.82142914421e-15,5.82142914421e-12
0.001,-14.1,-1.08036870716e-08,5.82142914421e-15,5.82142914421e-12
0.001,-14,-1.08036870716e-08,5.82142914421e-15,5.82142914421e-12
0.001,-13.9,-1.08036870716e-08,5.82142914421e-15,5.82142914421e-12
0.001,-13.8,-1.08036870716e-08,5.82142914421e-15,5.82142914421e-12
0.001,-13.7,-1.08036870716e-08,5.82142914421e-15,5.82142914421e-12
0.001,-13.6,-1.08036870716e-08,5.82142914421e-15,5.82142914421e-12
0.001,-13.5,-1.08036870716e-08,5.82142914421e-15,5.82142914421e-12
0.001,-13.4,-1.08036870716e-08,5.82142914421e-15,5.82142914421e-12
0.001,-13.3,-1.08036870716e-08,5.82142914421e-15,5.82142914421e-12
0.001,-13.2,-1.08036870716e-08,5.82142914421e-15,5.82142914421e-12
0.001,-13.1,-1.08036870716e-08,5.82142914421e-15,5.82142914421e-12
0.001,-13,-1.08036870716e-08,5.82142914421e-15,5.82142914421e-12
0.001,-12.9,-1.08036870716e-08,5.82142914421e-15,5.82142914421e-12
0.001,-12.8,-1.08036870716e-08,5.82142914421e-15,5.82142914421e-12
0.001,-12.7,-1.08036870716e-08,5.82142914421e-15,5.82142914421e-12
0.001,-12.6,-1.08036870716e-08,5.82142914421e-15,5.82142914421e-12
0.001,-12.5,-1.08036870716e-08,5.82142914421e-15,5.82142914421e-12
0.001,-12.4,-1.08036870716e-08,5.82142914421e-15,5.82142914421e-12
0.001,-12.3,-1.08036870716e-08,5.82142914421e-15,5.82142914421e-12
0.001,-12.2,-1.08036870716e-08,5.82142914421e-15,5.82142914421e-12
0.001,-12.1,-1.08036870716e-08,5.82142914421e-15,5.82142914421e-12
0.001,-12,-1.08036874047e-08,5.82142950315e-15,5.82142950315e-12
0.001,-11.9,-1.08036874047e-08,5.82142950315e-15,5.82142950315e-12
0.001,-11.8,-1.08036876267e-08,5.82142974244e-15,5.82142974244e-12
0.001,-11.7,1.08036867386e-08,5.82142878528e-15,5.82142878528e-12
0.001,-11.6,1.08036861834e-08,5.82142818705e-15,5.82142818705e-12
0.001,-11.5,1.08036852953e-08,5.82142722988e-15,5.82142722988e-12
0.001,-11.4,1.08036836299e-08,5.82142543519e-15,5.82142543519e-12
0.001,-11.3,1.08036808544e-08,5.82142244405e-15,5.82142244405e-12
0.001,-11.2,1.08036761914e-08,5.82141741892e-15,5.82141741892e-12
0.001,-11.1,1.08036686419e-08,5.82140928301e-15,5.82140928301e-12
0.001,-11,1.08036562074e-08,5.8213958827e-15,5.8213958827e-12
0.001,-10.9,1.08036357793e-08,5.82137386794e-15,5.82137386794e-12
0.001,-10.8,1.08036023616e-08,5.82133785475e-15,5.82133785475e-12
0.001,-10.7,1.0803556903e-08,5.82128886561e-15,5.82128886561e-12
0.001,-10.6,1.08034961745e-08,5.82122342104e-15,5.82122342104e-12
0.001,-10.5,1.08033985706e-08,5.82111823816e-15,5.82111823816e-12
0.001,-10.4,-5.32685726789e-13,1.41523233678e-23,1.41523233678e-20
0.001,-10.3,-8.86353035207e-13,3.91831273327e-23,3.91831273327e-20
0.001,-10.2,-1.44489144961e-12,1.04125251928e-22,1.04125251928e-19
0.001,-10.1,-2.32156300452e-12,2.68810712417e-22,2.68810712417e-19
0.001,-10,-3.69204942547e-12,6.79861793523e-22,6.79861793523e-19
0.001,-9.9,-5.82196414755e-12,1.69053698431e-21,1.69053698431e-18
0.001,-9.8,-9.11657952099e-12,4.14523801309e-21,4.14523801309e-18
0.001,-9.7,-1.41863833339e-11,1.00375796557e-20,1.00375796557e-17
0.001,-9.6,-2.19492572858e-11,2.40284237105e-20,2.40284237105e-17
0.001,-9.5,-3.37744072272e-11,5.68932959374e-20,5.68932959374e-17
0.001,-9.4,-5.16631563221e-11,1.33121282851e-19,1.33121282851e-16
0.001,-9.3,-7.86879470716e-11,3.08817606701e-19,3.08817606701e-16
0.001,-9.2,-1.19229428644e-10,7.09010306971e-19,7.09010306971e-16
0.001,-9.1,-1.7973910892e-10,1.61127916585e-18,1.61127916585e-15
0.001,-9,-2.69587051409e-10,3.62479692207e-18,3.62479692207e-15
0.001,-8.9,-4.02311829683e-10,8.0725590176e-18,8.0725590176e-15
0.001,-8.8,-5.97334599607e-10,1.7795941341e-17,1.7795941341e-14
0.001,-8.7,-8.82520094181e-10,3.88449733982e-17,3.88449733982e-14
0.001,-8.6,-1.29733467224e-09,8.39440025829e-17,8.39440025829e-14
0.001,-8.5,-1.89759382734e-09,1.79594131349e-16,1.79594131349e-13
0.001,-8.4,-2.76171354542e-09,3.80402080147e-16,3.80402080147e-13
0.001,-8.3,-3.99922301667e-09,7.97694999356e-16,7.97694999356e-13
0.001,-8.2,-5.76239767216e-09,1.656121044e-15,1.656121044e-12
0.001,-8.1,-8.26145913807e-09,3.40407516659e-15,3.40407516659e-12
0.001,-8,-1.17851842307e-08,6.92721034173e-15,6.92721034173e-12
0.001,-7.9,-1.67278891705e-08,1.39562232469e-14,1.39562232469e-11
0.001,-7.8,-1.65195643457e-08,1.36107733752e-14,1.36107733752e-11
0.001,-7.7,-1.34913260239e-09,9.07809864754e-17,9.07809864754e-14
0.001,-7.6,-4.64209625799e-08,1.0747659685e-13,1.0747659685e-10
0.001,-7.5,-9.99154035584e-09,4.97909619363e-15,4.97909619363e-12
0.001,-7.4,6.48377554808e-09,2.09672545426e-15,2.09672545426e-12
0.001,-7.3,-1.47017326399e-08,1.07800968885e-14,1.07800968885e-11
0.001,-7.2,-1.6566003805e-08,1.36874055894e-14,1.36874055894e-11
0.001,-7.1,-4.4324634091e-08,9.79886876461e-14,9.79886876461e-11
0.001,-7,-5.6299937663e-08,1.58088926726e-13,1.58088926726e-10
0.001,-6.9,-8.91792849502e-08,3.96655604201e-13,3.96655604201e-10
0.001,-6.8,-1.13271953898e-07,6.39926959598e-13,6.39926959598e-10
0.001,-6.7,-1.63308409025e-07,1.33015643184e-12,1.33015643184e-09
0.001,-6.6,-2.28263411759e-07,2.59871247621e-12,2.59871247621e-09
0.001,-6.5,-2.94376843437e-07,4.32208109486e-12,4.32208109486e-09
0.001,-6.4,-4.20406745305e-07,8.81505394007e-12,8.81505394007e-09
0.001,-6.3,-5.6895249756e-07,1.61449847621e-11,1.61449847621e-08
0.001,-6.2,-7.6479534157e-07,2.91726640642e-11,2.91726640642e-08
0.001,-6.1,-1.02306877844e-06,5.22029788241e-11,5.22029788241e-08
0.001,-6,-1.36080331814e-06,9.23583875642e-11,9.23583875642e-08
0.001,-5.9,-1.81804594892e-06,1.64852422562e-10,1.64852422562e-07
0.001,-5.8,-2.37593814276e-06,2.81550227343e-10,2.81550227343e-07
0.001,-5.7,-3.12445351938e-06,4.86893256596e-10,4.86893256596e-07
0.001,-5.6,-4.05451767145e-06,8.19905912624e-10,8.19905912624e-07
0.001,-5.5,-5.25530590123e-06,1.37746833494e-09,1.37746833494e-06
0.001,-5.4,-6.77585653242e-06,2.28988687022e-09,2.28988687022e-06
0.001,-5.3,-8.68997750074e-06,3.76636952436e-09,3.76636952436e-06
0.001,-5.2,-1.10855170942e-05,6.12911168306e-09,6.12911168306e-06
0.001,-5.1,-1.40654671078e-05,9.86720024742e-09,9.86720024742e-06
0.001,-5,-1.7750958923e-05,1.57155382886e-08,1.57155382886e-05
0.001,-4.9,-2.22810449545e-05,2.47603473448e-08,2.47603473448e-05
0.001,-4.8,-2.78165306387e-05,3.85914901134e-08,3.85914901134e-05
0.001,-4.7,-3.45390982672e-05,5.94987186588e-08,5.94987186588e-05
0.001,-4.6,-4.26268545662e-05,9.06258718309e-08,9.06258718309e-05
0.001,-4.5,-5.23858509552e-05,1.36871689791e-07,0.000136871689791
0.001,-4.4,-6.39866859275e-05,2.04204288079e-07,0.000204204288079
0.001,-4.3,-7.77237786351e-05,3.01296048146e-07,0.000301296048146
0.001,-4.2,-9.39176623484e-05,4.39926548678e-07,0.000439926548678
0.001,-4.1,-0.000112794739833,6.3454630095e-07,0.00063454630095
0.001,-4,-0.000134758413243,9.05727179045e-07,0.000905727179045
0.001,-3.9,-0.000160079126371,1.27807115709e-06,0.00127807115709
0.001,-3.8,-0.000189097741112,1.78343918672e-06,0.00178343918672
0.001,-3.7,-0.000222108178279,2.46045101539e-06,0.00246045101539
0.001,-3.6,-0.000259379963295,3.3555094942e-06,0.0033555094942
0.001,-3.5,-0.000301185839208,4.52433465035e-06,0.00452433465035
0.001,-3.4,-0.000347676324087,6.02886914369e-06,0.00602886914369
0.001,-3.3,-0.000398963877702,7.93876188084e-06,0.00793876188084
0.001,-3.2,-0.000455171203386,1.03332081991e-05,0.0103332081991
0.001,-3.1,-0.000516201347936,1.32899666639e-05,0.0132899666639
0.001,-3,-0.000581861146661,1.68859049373e-05,0.0168859049373
0.001,-2.9,-0.000651894352702,2.11953240442e-05,0.0211953240442
0.001,-2.8,-0.000725840125629,2.62765031408e-05,0.0262765031408
0.001,-2.7,-0.000803109321638,3.21688071073e-05,0.0321688071073
0.001,-2.6,-0.000882956699955,3.88834181544e-05,0.0388834181544
0.001,-2.5,-0.000964455399918,4.63927290988e-05,0.0463927290988
0.001,-2.4,-0.00104653807382,5.46255331647e-05,0.0546255331647
0.001,-2.3,-0.00112796350262,6.34564420569e-05,0.0634564420569
0.001,-2.2,-0.00120735293317,7.27032970188e-05,0.0727032970188
0.001,-2.1,-0.00128320326871,8.21252183954e-05,0.0821252183954
0.001,-2,-0.00135394417673,9.14296675158e-05,0.0914296675158
0.001,-1.9,-0.00141784269256,0.000100263236949,0.100263236949
0.001,-1.8,-0.00147326503536,0.00010825485608,0.10825485608
0.001,-1.7,-0.00151849846994,0.000115004369238,0.115004369238
0.001,-1.6,-0.00155188338079,0.000120116809355,0.120116809355
0.001,-1.5,-0.00157191206313,0.000123237283502,0.123237283502
0.001,-1.4,-0.00157718452777,0.000124065388261,0.124065388261
0.001,-1.3,-0.00156652884431,0.000122394644392,0.122394644392
0.001,-1.2,-0.0015390506562,0.000118138499867,0.118138499867
0.001,-1.1,-0.00149404352035,0.000111329977092,0.111329977092
0.001,-1,-0.00143116308645,0.000102155999003,0.102155999003
0.001,-0.9,-0.00135045025088,9.09583980107e-05,0.0909583980107
0.001,-0.8,-0.00125230828731,7.82182566816e-05,0.0782182566816
0.001,-0.7,-0.00113745693934,6.45290917137e-05,0.0645290917137
0.001,-0.6,-0.00100699958796,5.05759685861e-05,0.0505759685861
0.001,-0.5,-0.000862501899255,3.71027195121e-05,0.0371027195121
0.001,-0.4,-0.000705591913407,2.4830920113e-05,0.024830920113
0.001,-0.3,-0.000538487801498,1.44622998684e-05,0.0144622998684
0.001,-0.2,-0.000363483088908,6.58952398612e-06,0.00658952398612
0.001,-0.1,-0.000183101869835,1.67213440086e-06,0.00167213440086
0.001,0,-1.08036870716e-08,5.82142914421e-15,5.82142914421e-12
0.001,0.1,0.000183102035355,1.67213742399e-06,0.00167213742399
0.001,0.2,0.000363482746386,6.58951156711e-06,0.00658951156711
0.001,0.3,0.000538487801498,1.44622998685e-05,0.0144622998685
0.001,0.4,0.000705586926045,2.48305690875e-05,0.0248305690875
0.001,0.5,0.000862501899255,3.71027195121e-05,0.0371027195121
0.001,0.6,0.00100699958796,5.05759685861e-05,0.0505759685861
0.001,0.7,0.00113745690473,6.45290877862e-05,0.0645290877862
0.001,0.8,0.00125230537842,7.82178933075e-05,0.0782178933075
0.001,0.9,0.00135044897193,9.09582257244e-05,0.0909582257244
0.001,1,0.00143115829979,0.000102155315663,0.102155315663
0.001,1.1,0.00149403022688,0.000111327995952,0.111327995952
0.001,1.2,0.00153904116545,0.000118137042841,0.118137042841
0.001,1.3,0.00156654783394,0.000122397611771,0.122397611771
0.001,1.4,0.00157718452777,0.000124065388261,0.124065388261
0.001,1.5,0.00157191131628,0.000123237166397,0.123237166397
0.001,1.6,0.00155188261444,0.000120116690723,0.120116690723
0.001,1.7,0.00151849885774,0.000115004427978,0.115004427978
0.001,1.8,0.00147326503536,0.00010825485608,0.10825485608
0.001,1.9,0.00141785297013,0.000100264690519,0.100264690519
0.001,2,0.00135394071129,9.14291994862e-05,0.0914291994862
0.001,2.1,0.00128320641116,8.21256206304e-05,0.0821256206304
0.001,2.2,0.00120735293317,7.27032970188e-05,0.0727032970188
0.001,2.3,0.00112796350262,6.34564420569e-05,0.0634564420569
0.001,2.4,0.00104653807382,5.46255331648e-05,0.0546255331648
0.001,2.5,0.000964454226455,4.63926162058e-05,0.0463926162058
0.001,2.6,0.000882957204793,3.88834626183e-05,0.0388834626183
0.001,2.7,0.000803110076877,3.21688676101e-05,0.0321688676101
0.001,2.8,0.000725840125629,2.62765031408e-05,0.0262765031408
0.001,2.9,0.000651888234327,2.11949261872e-05,0.0211949261872
0.001,3,0.000581863279825,1.68860287486e-05,0.0168860287486
0.001,3.1,0.000516201347936,1.32899666639e-05,0.0132899666639
0.001,3.2,0.000455171203386,1.03332081991e-05,0.0103332081991
0.001,3.3,0.000398968175723,7.93893292968e-06,0.00793893292968
0.001,3.4,0.000347676324088,6.02886914371e-06,0.00602886914371
0.001,3.5,0.000301185839208,4.52433465035e-06,0.00452433465035
0.001,3.6,0.000259379963295,3.35550949422e-06,0.00335550949422
0.001,3.7,0.000222110622638,2.4605051715e-06,0.0024605051715
0.001,3.8,0.000189097741112,1.78343918672e-06,0.00178343918672
0.001,3.9,0.000160078854943,1.27806682294e-06,0.00127806682294
0.001,4,0.000134758390751,9.05726876693e-07,0.000905726876693
0.001,4.1,0.000112794739845,6.34546301085e-07,0.000634546301085
0.001,4.2,9.39006325319e-05,4.39767021939e-07,0.000439767021939
0.001,4.3,7.77237786019e-05,3.01296047888e-07,0.000301296047888
0.001,4.4,6.39866859271e-05,2.04204288076e-07,0.000204204288076
0.001,4.5,5.23858509553e-05,1.36871689791e-07,0.000136871689791
0.001,4.6,4.26268544614e-05,9.06258713852e-08,9.06258713852e-05
0.001,4.7,3.45390489858e-05,5.94985488701e-08,5.94985488701e-05
0.001,4.8,2.78165218186e-05,3.85914656402e-08,3.85914656402e-05
0.001,4.9,2.22810013848e-05,2.47602505092e-08,2.47602505092e-05
0.001,5,1.77508946341e-05,1.57154244544e-08,1.57154244544e-05
0.001,5.1,1.40653951539e-05,9.86709929353e-09,9.86709929353e-06
0.001,5.2,1.10852559265e-05,6.1288228906e-09,6.1288228906e-06
0.001,5.3,8.68997750032e-06,3.76636952399e-09,3.76636952399e-06
0.001,5.4,6.77560180305e-06,2.28971470292e-09,2.28971470292e-06
0.001,5.5,5.25530590158e-06,1.37746833512e-09,1.37746833512e-06
0.001,5.6,4.05433086211e-06,8.19830361072e-10,8.19830361072e-07
0.001,5.7,3.12445352022e-06,4.86893256859e-10,4.86893256859e-07
0.001,5.8,2.37506423094e-06,2.81343147186e-10,2.81343147186e-07
0.001,5.9,1.81804595007e-06,1.64852422772e-10,1.64852422772e-07
0.001,6,1.35982130914e-06,9.22251367978e-11,9.22251367978e-08
0.001,6.1,1.02289967248e-06,5.21857226915e-11,5.21857226915e-08
0.001,6.2,7.64433144103e-07,2.91450389927e-11,2.91450389927e-08
0.001,6.3,5.68952497913e-07,1.61449847821e-11,1.61449847821e-08
0.001,6.4,4.20227520896e-07,8.80753961688e-12,8.80753961688e-09
0.001,6.5,2.94376868389e-07,4.32208182754e-12,4.32208182754e-09
0.001,6.6,2.279961189e-07,2.59262993683e-12,2.59262993683e-09
0.001,6.7,1.61682213599e-07,1.30379741617e-12,1.30379741617e-09
0.001,6.8,9.61058062703e-08,4.60664638347e-13,4.60664638347e-10
0.001,6.9,6.84940716584e-08,2.33986925304e-13,2.33986925304e-10
0.001,7,5.62999715242e-08,1.58089116889e-13,1.58089116889e-10
0.001,7.1,2.49635273873e-08,3.10811820257e-14,3.10811820257e-11
0.001,7.2,1.28415655334e-08,8.22472844629e-15,8.22472844629e-12
0.001,7.3,1.09742114387e-08,6.006649212e-15,6.006649212e-12
0.001,7.4,-6.4837749641e-09,2.09672507656e-15,2.09672507656e-12
0.001,7.5,-9.11380165637e-09,4.14271225095e-15,4.14271225095e-12
0.001,7.6,3.24594728382e-08,5.2549495109e-14,5.2549495109e-11
0.001,7.7,-1.10306477268e-09,6.06858799365e-17,6.06858799365e-14
0.001,7.8,4.04784805686e-09,8.172106679e-16,8.172106679e-13
0.001,7.9,1.16969147771e-08,6.82383118715e-15,6.82383118715e-12
0.001,8,8.24073823378e-09,3.38702077993e-15,3.38702077993e-12
0.001,8.1,5.77682621744e-09,1.66442499484e-15,1.66442499484e-12
0.001,8.2,4.0293972708e-09,8.0977767411e-16,8.0977767411e-13
0.001,8.3,2.79652692556e-09,3.90053009745e-16,3.90053009745e-13
0.001,8.4,1.9311668081e-09,1.86005248914e-16,1.86005248914e-13
0.001,8.5,1.32695328536e-09,8.78206993281e-17,8.78206993281e-14
0.001,8.6,9.07241753128e-10,4.10517505545e-17,4.10517505545e-14
0.001,8.7,6.17196065007e-10,1.89990515043e-17,1.89990515043e-14
0.001,8.8,4.17792471723e-10,8.70576306376e-18,8.70576306376e-15
0.001,8.9,2.81378253411e-10,3.94881403954e-18,3.94881403954e-15
0.001,9,1.88581988384e-10,1.77372400712e-18,1.77372400712e-15
0.001,9.1,1.25766989309e-10,7.88894543639e-19,7.88894543639e-16
0.001,9.2,8.3464878152e-11,3.47450667577e-19,3.47450667577e-16
0.001,9.3,5.51230952419e-11,1.5154890918e-19,1.5154890918e-16
0.001,9.4,3.62326663543e-11,6.54766140222e-20,6.54766140222e-17
0.001,9.5,2.36736470821e-11,2.79521978139e-20,2.79521978139e-17
0.001,9.6,1.54109051969e-11,1.18451869819e-20,1.18451869819e-17
0.001,9.7,9.98860026052e-12,4.97616634237e-21,4.97616634237e-18
0.001,9.8,6.44871217638e-12,2.07410916378e-21,2.07410916378e-18
0.001,9.9,4.14976041966e-12,8.58878381076e-22,8.58878381076e-19
0.001,10,2.664684642e-12,3.54141857423e-22,3.54141857423e-19
0.001,10.1,1.71006325185e-12,1.45851188295e-22,1.45851188295e-19
0.001,10.2,1.10003538684e-12,6.03530100903e-23,6.03530100903e-20
0.001,10.3,7.11769227699e-13,2.52676026683e-23,2.52676026683e-20
0.001,10.4,4.65526020637e-13,1.08087020394e-23,1.08087020394e-20
0.001,10.5,-1.08033984768e-08,5.82111813707e-15,5.82111813707e-12
0.001,10.6,-1.08034960994e-08,5.82122334017e-15,5.82122334017e-12
0.001,10.7,-1.08035568091e-08,5.82128876451e-15,5.82128876451e-12
0.001,10.8,-1.08036019175e-08,5.82133737617e-15,5.82133737617e-12
0.001,10.9,-1.08036351132e-08,5.82137315007e-15,5.82137315007e-12
0.001,11,-1.08036556523e-08,5.82139528447e-15,5.82139528447e-12
0.001,11.1,-1.08036680868e-08,5.82140868478e-15,5.82140868478e-12
0.001,11.2,-1.08036757473e-08,5.82141694034e-15,5.82141694034e-12
0.001,11.3,-1.08036802993e-08,5.82142184582e-15,5.82142184582e-12
0.001,11.4,-1.08036831858e-08,5.82142495661e-15,5.82142495661e-12
0.001,11.5,-1.08036848512e-08,5.8214267513e-15,5.8214267513e-12
0.001,11.6,-1.08036856283e-08,5.82142758882e-15,5.82142758882e-12
0.001,11.7,-1.08036861834e-08,5.82142818705e-15,5.82142818705e-12
0.001,11.8,-1.08036867386e-08,5.82142878528e-15,5.82142878528e-12
0.001,11.9,-1.08036868496e-08,5.82142890492e-15,5.82142890492e-12
0.001,12,-1.08036867386e-08,5.82142878528e-15,5.82142878528e-12
0.001,12.1,-1.08036870716e-08,5.82142914421e-15,5.82142914421e-12
0.001,12.2,-1.08036870716e-08,5.82142914421e-15,5.82142914421e-12
0.001,12.3,-1.08036870716e-08,5.82142914421e-15,5.82142914421e-12
0.001,12.4,-1.08036870716e-08,5.82142914421e-15,5.82142914421e-12
0.001,12.5,-1.08036871826e-08,5.82142926386e-15,5.82142926386e-12
0.001,12.6,-1.08036871826e-08,5.82142926386e-15,5.82142926386e-12
0.001,12.7,-1.08036870716e-08,5.82142914421e-15,5.82142914421e-12
0.001,12.8,-1.08036871826e-08,5.82142926386e-15,5.82142926386e-12
0.001,12.9,-1.08036870716e-08,5.82142914421e-15,5.82142914421e-12
0.001,13,-1.08036870716e-08,5.82142914421e-15,5.82142914421e-12
0.001,13.1,-1.08036870716e-08,5.82142914421e-15,5.82142914421e-12
0.001,13.2,-1.08036870716e-08,5.82142914421e-15,5.82142914421e-12
0.001,13.3,-1.08036870716e-08,5.82142914421e-15,5.82142914421e-12
0.001,13.4,-1.08036870716e-08,5.82142914421e-15,5.82142914421e-12
0.001,13.5,-1.08036870716e-08,5.82142914421e-15,5.82142914421e-12
0.001,13.6,-1.08036870716e-08,5.82142914421e-15,5.82142914421e-12
0.001,13.7,-1.08036870716e-08,5.82142914421e-15,5.82142914421e-12
0.001,13.8,-1.08036870716e-08,5.82142914421e-15,5.82142914421e-12
0.001,13.9,-1.08036870716e-08,5.82142914421e-15,5.82142914421e-12
0.001,14,-1.08036870716e-08,5.82142914421e-15,5.82142914421e-12
0.001,14.1,-1.08036870716e-08,5.82142914421e-15,5.82142914421e-12
0.001,14.2,-1.08036870716e-08,5.82142914421e-15,5.82142914421e-12
0.001,14.3,-1.08036870716e-08,5.82142914421e-15,5.82142914421e-12
0.001,14.4,-1.08036870716e-08,5.82142914421e-15,5.82142914421e-12
0.001,14.5,-1.08036870716e-08,5.82142914421e-15,5.82142914421e-12
0.001,14.6,-1.08036870716e-08,5.82142914421e-15,5.82142914421e-12
0.001,14.7,-1.08036870716e-08,5.82142914421e-15,5.82142914421e-12
0.001,14.8,-1.08036870716e-08,5.82142914421e-15,5.82142914421e-12
0.001,14.9,-1.08036870716e-08,5.82142914421e-15,5.82142914421e-12
0.001,15,-1.08036870716e-08,5.82142914421e-15,5.82142914421e-12
0.001,15.1,-1.08036870716e-08,5.82142914421e-15,5.82142914421e-12
0.001,15.2,-1.08036870716e-08,5.82142914421e-15,5.82142914421e-12
0.001,15.3,-1.08036870716e-08,5.82142914421e-15,5.82142914421e-12
0.001,15.4,-1.08036870716e-08,5.82142914421e-15,5.82142914421e-12
0.001,15.5,-1.08036870716e-08,5.82142914421e-15,5.82142914421e-12
0.001,15.6,-1.08036870716e-08,5.82142914421e-15,5.82142914421e-12
0.001,15.7,-1.08036870716e-08,5.82142914421e-15,5.82142914421e-12
0.001,15.8,-1.08036870716e-08,5.82142914421e-15,5.82142914421e-12
0.001,15.9,-1.08036870716e-08,5.82142914421e-15,5.82142914421e-12
0.001,16,-1.08036870716e-08,5.82142914421e-15,5.82142914421e-12
0.001,16.1,-1.08036870716e-08,5.82142914421e-15,5.82142914421e-12
0.001,16.2,-1.08036870716e-08,5.82142914421e-15,5.82142914421e-12
0.001,16.3,-1.08036870716e-08,5.82142914421e-15,5.82142914421e-12
0.001,16.4,-1.08036870716e-08,5.82142914421e-15,5.82142914421e-12
0.001,16.5,-1.08036870716e-08,5.82142914421e-15,5.82142914421e-12
0.001,16.6,-1.08036870716e-08,5.82142914421e-15,5.82142914421e-12
0.001,16.7,-1.08036870716e-08,5.82142914421e-15,5.82142914421e-12
0.001,16.8,-1.08036870716e-08,5.82142914421e-15,5.82142914421e-12
0.001,16.9,-1.08036870716e-08,5.82142914421e-15,5.82142914421e-12
0.001,17,-1.08036870716e-08,5.82142914421e-15,5.82142914421e-12
0.001,17.1,-1.08036870716e-08,5.82142914421e-15,5.82142914421e-12
0.001,17.2,-1.08036870716e-08,5.82142914421e-15,5.82142914421e-12
0.001,17.3,-1.08036870716e-08,5.82142914421e-15,5.82142914421e-12
0.001,17.4,-1.08036870716e-08,5.82142914421e-15,5.82142914421e-12
0.001,17.5,-1.08036870716e-08,5.82142914421e-15,5.82142914421e-12
0.001,17.6,-1.08036870716e-08,5.82142914421e-15,5.82142914421e-12
0.001,17.7,-1.08036870716e-08,5.82142914421e-15,5.82142914421e-12
0.001,17.8,-1.08036870716e-08,5.82142914421e-15,5.82142914421e-12
0.001,17.9,-1.08036870716e-08,5.82142914421e-15,5.82142914421e-12
0.001,18,-1.08036870716e-08,5.82142914421e-15,5.82142914421e-12
0.001,18.1,-1.08036870716e-08,5.82142914421e-15,5.82142914421e-12
0.001,18.2,-1.08036870716e-08,5.82142914421e-15,5.82142914421e-12
0.001,18.3,-1.08036870716e-08,5.82142914421e-15,5.82142914421e-12
0.001,18.4,-1.08036870716e-08,5.82142914421e-15,5.82142914421e-12
0.001,18.5,-1.08036870716e-08,5.82142914421e-15,5.82142914421e-12
0.001,18.6,-1.08036870716e-08,5.82142914421e-15,5.82142914421e-12
0.001,18.7,-1.08036870716e-08,5.82142914421e-15,5.82142914421e-12
0.001,18.8,-1.08036870716e-08,5.82142914421e-15,5.82142914421e-12
0.001,18.9,-1.08036870716e-08,5.82142914421e-15,5.82142914421e-12
0.001,19,-1.08036870716e-08,5.82142914421e-15,5.82142914421e-12
0.001,19.1,-1.08036870716e-08,5.82142914421e-15,5.82142914421e-12
0.001,19.2,-1.08036870716e-08,5.82142914421e-15,5.82142914421e-12
0.001,19.3,-1.08036870716e-08,5.82142914421e-15,5.82142914421e-12
0.001,19.4,-1.08036870716e-08,5.82142914421e-15,5.82142914421e-12
0.001,19.5,-1.08036870716e-08,5.82142914421e-15,5.82142914421e-12
0.001,19.6,-1.08036870716e-08,5.82142914421e-15,5.82142914421e-12
0.001,19.7,-1.08036870716e-08,5.82142914421e-15,5.82142914421e-12
0.001,19.8,-1.08036870716e-08,5.82142914421e-15,5.82142914421e-12
0.001,19.9,-1.08036870716e-08,5.82142914421e-15,5.82142914421e-12
0.001,20,-1.08036870716e-08,5.82142914421e-15,5.82142914421e-12
0.001,20.1,-1.08036870716e-08,5.82142914421e-15,5.82142914421e-12
0.001,20.2,-1.08036870716e-08,5.82142914421e-15,5.82142914421e-12
0.001,20.3,-1.08036870716e-08,5.82142914421e-15,5.82142914421e-12
0.001,20.4,-1.08036870716e-08,5.82142914421e-15,5.82142914421e-12
0.001,20.5,-1.08036870716e-08,5.82142914421e-15,5.82142914421e-12
0.001,20.6,-1.08036870716e-08,5.82142914421e-15,5.82142914421e-12
0.001,20.7,-1.08036870716e-08,5.82142914421e-15,5.82142914421e-12
0.001,20.8,-1.08036870716e-08,5.82142914421e-15,5.82142914421e-12
0.001,20.9,-1.08036870716e-08,5.82142914421e-15,5.82142914421e-12
0.001,21,-1.08036870716e-08,5.82142914421e-15,5.82142914421e-12
0.001,21.1,-1.08036870716e-08,5.82142914421e-15,5.82142914421e-12
0.001,21.2,-1.08036870716e-08,5.82142914421e-15,5.82142914421e-12
0.001,21.3,-1.08036870716e-08,5.82142914421e-15,5.82142914421e-12
0.001,21.4,-1.08036870716e-08,5.82142914421e-15,5.82142914421e-12
0.001,21.5,-1.08036870716e-08,5.82142914421e-15,5.82142914421e-12
0.001,21.6,-1.08036870716e-08,5.82142914421e-15,5.82142914421e-12
0.001,21.7,-1.08036870716e-08,5.82142914421e-15,5.82142914421e-12
0.001,21.8,-1.08036870716e-08,5.82142914421e-15,5.82142914421e-12
0.001,21.9,-1.08036870716e-08,5.82142914421e-15,5.82142914421e-12
0.001,22,-1.08036870716e-08,5.82142914421e-15,5.82142914421e-12
0.001,22.1,-1.08036870716e-08,5.82142914421e-15,5.82142914421e-12
0.001,22.2,-1.08036870716e-08,5.82142914421e-15,5.82142914421e-12
0.001,22.3,-1.08036870716e-08,5.82142914421e-15,5.82142914421e-12
0.001,22.4,-1.08036870716e-08,5.82142914421e-15,5.82142914421e-12
0.001,22.5,-1.08036870716e-08,5.82142914421e-15,5.82142914421e-12
0.001,22.6,-1.08036870716e-08,5.82142914421e-15,5.82142914421e-12
0.001,22.7,-1.08036870716e-08,5.82142914421e-15,5.82142914421e-12
0.001,22.8,-1.08036870716e-08,5.82142914421e-15,5.82142914421e-12
0.001,22.9,-1.08036870716e-08,5.82142914421e-15,5.82142914421e-12
0.001,23,-1.08036870716e-08,5.82142914421e-15,5.82142914421e-12
0.001,23.1,-1.08036870716e-08,5.82142914421e-15,5.82142914421e-12
0.001,23.2,-1.08036870716e-08,5.82142914421e-15,5.82142914421e-12
0.001,23.3,-1.08036870716e-08,5.82142914421e-15,5.82142914421e-12
0.001,23.4,-1.08036870716e-08,5.82142914421e-15,5.82142914421e-12
0.001,23.5,-1.08036870716e-08,5.82142914421e-15,5.82142914421e-12
0.001,23.6,-1.08036870716e-08,5.82142914421e-15,5.82142914421e-12
0.001,23.7,-1.08036870716e-08,5.82142914421e-15,5.82142914421e-12
0.001,23.8,-1.08036870716e-08,5.82142914421e-15,5.82142914421e-12
0.001,23.9,-1.08036870716e-08,5.82142914421e-15,5.82142914421e-12
0.001,24,-1.08036870716e-08,5.82142914421e-15,5.82142914421e-12
0.001,24.1,-1.08036870716e-08,5.82142914421e-15,5.82142914421e-12
0.001,24.2,-1.08036870716e-08,5.82142914421e-15,5.82142914421e-12
0.001,24.3,-1.08036870716e-08,5.82142914421e-15,5.82142914421e-12
0.001,24.4,-1.08036870716e-08,5.82142914421e-15,5.82142914421e-12
0.001,24.5,-1.08036870716e-08,5.82142914421e-15,5.82142914421e-12
0.001,24.6,-1.08036870716e-08,5.82142914421e-15,5.82142914421e-12
0.001,24.7,-1.08036870716e-08,5.82142914421e-15,5.82142914421e-12
0.001,24.8,-1.08036870716e-08,5.82142914421e-15,5.82142914421e-12
0.001,24.9,-1.08036870716e-08,5.82142914421e-15,5.82142914421e-12
0.001,25,-1.08036870716e-08,5.82142914421e-15,5.82142914421e-12
0.0001,-25,-1.08036871826e-08,5.82142926386e-15,5.82142926386e-11
0.0001,-24.9,-1.08036871826e-08,5.82142926386e-15,5.82142926386e-11
0.0001,-24.8,-1.08036871826e-08,5.82142926386e-15,5.82142926386e-11
0.0001,-24.7,-1.08036871826e-08,5.82142926386e-15,5.82142926386e-11
0.0001,-24.6,-1.08036871826e-08,5.82142926386e-15,5.82142926386e-11
0.0001,-24.5,-1.08036871826e-08,5.82142926386e-15,5.82142926386e-11
0.0001,-24.4,-1.08036871826e-08,5.82142926386e-15,5.82142926386e-11
0.0001,-24.3,-1.08036871826e-08,5.82142926386e-15,5.82142926386e-11
0.0001,-24.2,-1.08036871826e-08,5.82142926386e-15,5.82142926386e-11
0.0001,-24.1,-1.08036871826e-08,5.82142926386e-15,5.82142926386e-11
0.0001,-24,-1.08036871826e-08,5.82142926386e-15,5.82142926386e-11
0.0001,-23.9,-1.08036871826e-08,5.82142926386e-15,5.82142926386e-11
0.0001,-23.8,-1.08036871826e-08,5.82142926386e-15,5.82142926386e-11
0.0001,-23.7,-1.08036871826e-08,5.82142926386e-15,5.82142926386e-11
0.0001,-23.6,-1.08036871826e-08,5.82142926386e-15,5.82142926386e-11
0.0001,-23.5,-1.08036871826e-08,5.82142926386e-15,5.82142926386e-11
0.0001,-23.4,-1.08036871826e-08,5.82142926386e-15,5.82142926386e-11
0.0001,-23.3,-1.08036871826e-08,5.82142926386e-15,5.82142926386e-11
0.0001,-23.2,-1.08036871826e-08,5.82142926386e-15,5.82142926386e-11
0.0001,-23.1,-1.08036871826e-08,5.82142926386e-15,5.82142926386e-11
0.0001,-23,-1.08036871826e-08,5.82142926386e-15,5.82142926386e-11
0.0001,-22.9,-1.08036871826e-08,5.82142926386e-15,5.82142926386e-11
0.0001,-22.8,-1.08036871826e-08,5.82142926386e-15,5.82142926386e-11
0.0001,-22.7,-1.08036871826e-08,5.82142926386e-15,5.82142926386e-11
0.0001,-22.6,-1.08036871826e-08,5.82142926386e-15,5.82142926386e-11
0.0001,-22.5,-1.08036871826e-08,5.82142926386e-15,5.82142926386e-11
0.0001,-22.4,-1.08036871826e-08,5.82142926386e-15,5.82142926386e-11
0.0001,-22.3,-1.08036871826e-08,5.82142926386e-15,5.82142926386e-11
0.0001,-22.2,-1.08036871826e-08,5.82142926386e-15,5.82142926386e-11
0.0001,-22.1,-1.08036871826e-08,5.82142926386e-15,5.82142926386e-11
0.0001,-22,-1.08036871826e-08,5.82142926386e-15,5.82142926386e-11
0.0001,-21.9,-1.08036871826e-08,5.82142926386e-15,5.82142926386e-11
0.0001,-21.8,-1.08036871826e-08,5.82142926386e-15,5.82142926386e-11
0.0001,-21.7,-1.08036871826e-08,5.82142926386e-15,5.82142926386e-11
0.0001,-21.6,-1.08036871826e-08,5.82142926386e-15,5.82142926386e-11
0.0001,-21.5,-1.08036871826e-08,5.82142926386e-15,5.82142926386e-11
0.0001,-21.4,-1.08036871826e-08,5.82142926386e-15,5.82142926386e-11
0.0001,-21.3,-1.08036871826e-08,5.82142926386e-15,5.82142926386e-11
0.0001,-21.2,-1.08036871826e-08,5.82142926386e-15,5.82142926386e-11
0.0001,-21.1,-1.08036871826e-08,5.82142926386e-15,5.82142926386e-11
0.0001,-21,-1.08036871826e-08,5.82142926386e-15,5.82142926386e-11
0.0001,-20.9,-1.08036871826e-08,5.82142926386e-15,5.82142926386e-11
0.0001,-20.8,-1.08036871826e-08,5.82142926386e-15,5.82142926386e-11
0.0001,-20.7,-1.08036871826e-08,5.82142926386e-15,5.82142926386e-11
0.0001,-20.6,-1.08036871826e-08,5.82142926386e-15,5.82142926386e-11
0.0001,-20.5,-1.08036871826e-08,5.82142926386e-15,5.82142926386e-11
0.0001,-20.4,-1.08036871826e-08,5.82142926386e-15,5.82142926386e-11
0.0001,-20.3,-1.08036871826e-08,5.82142926386e-15,5.82142926386e-11
0.0001,-20.2,-1.08036871826e-08,5.82142926386e-15,5.82142926386e-11
0.0001,-20.1,-1.08036871826e-08,5.82142926386e-15,5.82142926386e-11
0.0001,-20,-1.08036871826e-08,5.82142926386e-15,5.82142926386e-11
0.0001,-19.9,-1.08036871826e-08,5.82142926386e-15,5.82142926386e-11
0.0001,-19.8,-1.08036871826e-08,5.82142926386e-15,5.82142926386e-11
0.0001,-19.7,-1.08036871826e-08,5.82142926386e-15,5.82142926386e-11
0.0001,-19.6,-1.08036871826e-08,5.82142926386e-15,5.82142926386e-11
0.0001,-19.5,-1.08036871826e-08,5.82142926386e-15,5.82142926386e-11
0.0001,-19.4,-1.08036871826e-08,5.82142926386e-15,5.82142926386e-11
0.0001,-19.3,-1.08036871826e-08,5.82142926386e-15,5.82142926386e-11
0.0001,-19.2,-1.08036871826e-08,5.82142926386e-15,5.82142926386e-11
0.0001,-19.1,-1.08036871826e-08,5.82142926386e-15,5.82142926386e-11
0.0001,-19,-1.08036871826e-08,5.82142926386e-15,5.82142926386e-11
0.0001,-18.9,-1.08036871826e-08,5.82142926386e-15,5.82142926386e-11
0.0001,-18.8,-1.08036871826e-08,5.82142926386e-15,5.82142926386e-11
0.0001,-18.7,-1.08036871826e-08,5.82142926386e-15,5.82142926386e-11
0.0001,-18.6,-1.08036871826e-08,5.82142926386e-15,5.82142926386e-11
0.0001,-18.5,-1.08036871826e-08,5.82142926386e-15,5.82142926386e-11
0.0001,-18.4,-1.08036871826e-08,5.82142926386e-15,5.82142926386e-11
0.0001,-18.3,-1.08036871826e-08,5.82142926386e-15,5.82142926386e-11
0.0001,-18.2,-1.08036871826e-08,5.82142926386e-15,5.82142926386e-11
0.0001,-18.1,-1.08036871826e-08,5.82142926386e-15,5.82142926386e-11
0.0001,-18,-1.08036871826e-08,5.82142926386e-15,5.82142926386e-11
0.0001,-17.9,-1.08036871826e-08,5.82142926386e-15,5.82142926386e-11
0.0001,-17.8,-1.08036871826e-08,5.82142926386e-15,5.82142926386e-11
0.0001,-17.7,-1.08036871826e-08,5.82142926386e-15,5.82142926386e-11
0.0001,-17.6,-1.08036871826e-08,5.82142926386e-15,5.82142926386e-11
0.0001,-17.5,-1.08036871826e-08,5.82142926386e-15,5.82142926386e-11
0.0001,-17.4,-1.08036871826e-08,5.82142926386e-15,5.82142926386e-11
0.0001,-17.3,-1.08036871826e-08,5.82142926386e-15,5.82142926386e-11
0.0001,-17.2,-1.08036871826e-08,5.82142926386e-15,5.82142926386e-11
0.0001,-17.1,-1.08036871826e-08,5.82142926386e-15,5.82142926386e-11
0.0001,-17,-1.08036871826e-08,5.82142926386e-15,5.82142926386e-11
0.0001,-16.9,-1.08036871826e-08,5.82142926386e-15,5.82142926386e-11
0.0001,-16.8,-1.08036871826e-08,5.82142926386e-15,5.82142926386e-11
0.0001,-16.7,-1.08036871826e-08,5.82142926386e-15,5.82142926386e-11
0.0001,-16.6,-1.08036871826e-08,5.82142926386e-15,5.82142926386e-11
0.0001,-16.5,-1.08036871826e-08,5.82142926386e-15,5.82142926386e-11
0.0001,-16.4,-1.08036871826e-08,5.82142926386e-15,5.82142926386e-11
0.0001,-16.3,-1.08036871826e-08,5.82142926386e-15,5.82142926386e-11
0.0001,-16.2,-1.08036871826e-08,5.82142926386e-15,5.82142926386e-11
0.0001,-16.1,-1.08036871826e-08,5.82142926386e-15,5.82142926386e-11
0.0001,-16,-1.08036871826e-08,5.82142926386e-15,5.82142926386e-11
0.0001,-15.9,-1.08036871826e-08,5.82142926386e-15,5.82142926386e-11
0.0001,-15.8,-1.08036871826e-08,5.82142926386e-15,5.82142926386e-11
0.0001,-15.7,-1.08036871826e-08,5.82142926386e-15,5.82142926386e-11
0.0001,-15.6,-1.08036871826e-08,5.82142926386e-15,5.82142926386e-11
0.0001,-15.5,-1.08036871826e-08,5.82142926386e-15,5.82142926386e-11
0.0001,-15.4,-1.08036871826e-08,5.82142926386e-15,5.82142926386e-11
0.0001,-15.3,-1.08036871826e-08,5.82142926386e-15,5.82142926386e-11
0.0001,-15.2,-1.08036871826e-08,5.82142926386e-15,5.82142926386e-11
0.0001,-15.1,-1.08036871826e-08,5.82142926386e-15,5.82142926386e-11
0.0001,-15,-1.08036871826e-08,5.82142926386e-15,5.82142926386e-11
0.0001,-14.9,-1.08036871826e-08,5.82142926386e-15,5.82142926386e-11
0.0001,-14.8,-1.08036871826e-08,5.82142926386e-15,5.82142926386e-11
0.0001,-14.7,-1.08036871826e-08,5.82142926386e-15,5.82142926386e-11
0.0001,-14.6,-1.08036871826e-08,5.82142926386e-15,5.82142926386e-11
0.0001,-14.5,-1.08036871826e-08,5.82142926386e-15,5.82142926386e-11
0.0001,-14.4,-1.08036871826e-08,5.82142926386e-15,5.82142926386e-11
0.0001,-14.3,-1.08036871826e-08,5.82142926386e-15,5.82142926386e-11
0.0001,-14.2,-1.08036871826e-08,5.82142926386e-15,5.82142926386e-11
0.0001,-14.1,-1.08036871826e-08,5.82142926386e-15,5.82142926386e-11
0.0001,-14,-1.08036871826e-08,5.82142926386e-15,5.82142926386e-11
0.0001,-13.9,-1.08036871826e-08,5.82142926386e-15,5.82142926386e-11
0.0001,-13.8,-1.08036871826e-08,5.82142926386e-15,5.82142926386e-11
0.0001,-13.7,-1.08036871826e-08,5.82142926386e-15,5.82142926386e-11
0.0001,-13.6,-1.08036871826e-08,5.82142926386e-15,5.82142926386e-11
0.0001,-13.5,-1.08036871826e-08,5.82142926386e-15,5.82142926386e-11
0.0001,-13.4,-1.08036871826e-08,5.82142926386e-15,5.82142926386e-11
0.0001,-13.3,-1.08036871826e-08,5.82142926386e-15,5.82142926386e-11
0.0001,-13.2,-1.08036871826e-08,5.82142926386e-15,5.82142926386e-11
0.0001,-13.1,-1.08036871826e-08,5.82142926386e-15,5.82142926386e-11
0.0001,-13,-1.08036871826e-08,5.82142926386e-15,5.82142926386e-11
0.0001,-12.9,-1.08036871826e-08,5.82142926386e-15,5.82142926386e-11
0.0001,-12.8,-1.08036871826e-08,5.82142926386e-15,5.82142926386e-11
0.0001,-12.7,-1.08036871826e-08,5.82142926386e-15,5.82142926386e-11
0.0001,-12.6,-1.08036871826e-08,5.82142926386e-15,5.82142926386e-11
0.0001,-12.5,-1.08036871826e-08,5.82142926386e-15,5.82142926386e-11
0.0001,-12.4,-1.08036871826e-08,5.82142926386e-15,5.82142926386e-11
0.0001,-12.3,-1.08036871826e-08,5.82142926386e-15,5.82142926386e-11
0.0001,-12.2,-1.08036871826e-08,5.82142926386e-15,5.82142926386e-11
0.0001,-12.1,-1.08036871826e-08,5.82142926386e-15,5.82142926386e-11
0.0001,-12,-1.08036871826e-08,5.82142926386e-15,5.82142926386e-11
0.0001,-11.9,-1.08036871826e-08,5.82142926386e-15,5.82142926386e-11
0.0001,-11.8,-1.08036871826e-08,5.82142926386e-15,5.82142926386e-11
0.0001,-11.7,-1.08036871826e-08,5.82142926386e-15,5.82142926386e-11
0.0001,-11.6,1.08036872937e-08,5.82142938351e-15,5.82142938351e-11
0.0001,-11.5,1.08036872937e-08,5.82142938351e-15,5.82142938351e-11
0.0001,-11.4,-1.08036876267e-08,5.82142974244e-15,5.82142974244e-11
0.0001,-11.3,1.08036869606e-08,5.82142902457e-15,5.82142902457e-11
0.0001,-11.2,1.08036865165e-08,5.82142854599e-15,5.82142854599e-11
0.0001,-11.1,1.08036858504e-08,5.82142782811e-15,5.82142782811e-11
0.0001,-11,1.08036846291e-08,5.82142651201e-15,5.82142651201e-11
0.0001,-10.9,1.08036825197e-08,5.82142423873e-15,5.82142423873e-11
0.0001,-10.8,1.0803679189e-08,5.82142064936e-15,5.82142064936e-11
0.0001,-10.7,1.0803673971e-08,5.82141502601e-15,5.82141502601e-11
0.0001,-10.6,1.08036650892e-08,5.82140545435e-15,5.82140545435e-11
0.0001,-10.5,1.08036512114e-08,5.82139049865e-15,5.82139049865e-11
0.0001,-10.4,1.0803629007e-08,5.82136656958e-15,5.82136656958e-11
0.0001,-10.3,1.08035938129e-08,5.82132864209e-15,5.82132864209e-11
0.0001,-10.2,1.08035495907e-08,5.82128098546e-15,5.82128098546e-11
0.0001,-10.1,1.08034884218e-08,5.8212150663e-15,5.8212150663e-11
0.0001,-10,1.08033927995e-08,5.821112019e-15,5.821112019e-11
0.0001,-9.9,-5.31570515269e-13,1.40931278156e-23,1.40931278156e-19
0.0001,-9.8,-8.63284943572e-13,3.71701193914e-23,3.71701193914e-19
0.0001,-9.7,-1.37272055762e-12,9.39831286445e-23,9.39831286445e-19
0.0001,-9.6,-2.15183200591e-12,2.30941694845e-22,2.30941694845e-18
0.0001,-9.5,-3.33675259043e-12,5.55307623429e-22,5.55307623429e-18
0.0001,-9.4,-5.13112830632e-12,1.31314103222e-21,1.31314103222e-17
0.0001,-9.3,-7.8015552472e-12,3.03562415338e-21,3.03562415338e-17
0.0001,-9.2,-1.18557448776e-11,7.01040830932e-21,7.01040830932e-17
0.0001,-9.1,-1.79052442183e-11,1.59899137415e-20,1.59899137415e-16
0.0001,-9,-2.688577738e-11,3.6052120964e-20,3.6052120964e-16
0.0001,-8.9,-4.01524301694e-11,8.04098577809e-20,8.04098577809e-16
0.0001,-8.8,-5.96461698686e-11,1.774396798e-19,1.774396798e-15
0.0001,-8.7,-8.81117213211e-11,3.87215732378e-19,3.87215732378e-15
0.0001,-8.6,-1.29561554508e-10,8.37216778383e-19,8.37216778383e-15
0.0001,-8.5,-1.89537951815e-10,1.79175237796e-18,1.79175237796e-14
0.0001,-8.4,-2.75880088014e-10,3.79600114527e-18,3.79600114527e-14
0.0001,-8.3,-3.99530661958e-10,7.96133415684e-18,7.96133415684e-14
0.0001,-8.2,-5.75662771231e-10,1.65280611562e-17,1.65280611562e-13
0.0001,-8.1,-8.25350279648e-10,3.39752161654e-17,3.39752161654e-13
0.0001,-8,-1.17741380587e-09,6.91423077436e-17,6.91423077436e-13
0.0001,-7.9,-1.67125141879e-09,1.39305800739e-16,1.39305800739e-12
0.0001,-7.8,-2.36032212328e-09,2.77861372849e-16,2.77861372849e-12
0.0001,-7.7,-3.31690454091e-09,5.48720984216e-16,5.48720984216e-12
0.0001,-7.6,-4.63787629512e-09,1.07281279446e-15,1.07281279446e-11
0.0001,-7.5,-6.45249101099e-09,2.07654066069e-15,2.07654066069e-11
0.0001,-7.4,-8.93229431351e-09,3.97934572085e-15,3.97934572085e-11
0.0001,-7.3,-1.23033426796e-08,7.54973771026e-15,7.54973771026e-11
0.0001,-7.2,-1.68618980208e-08,1.41807284222e-14,1.41807284222e-10
0.0001,-7.1,-1.60783081666e-08,1.28933662593e-14,1.28933662593e-10
0.0001,-7,-3.11994379124e-08,4.85488741172e-14,4.85488741172e-10
0.0001,-6.9,-1.62653654679e-08,1.31951178954e-14,1.31951178954e-10
0.0001,-6.8,-1.15890293803e-08,6.69853376442e-15,6.69853376442e-11
0.0001,-6.7,-9.66174547357e-09,4.65582671302e-15,4.65582671302e-11
0.0001,-6.6,-3.06523803129e-08,4.6861267773e-14,4.6861267773e-10
0.0001,-6.5,-2.76043738171e-08,3.80050600417e-14,3.80050600417e-10
0.0001,-6.4,-4.28498738061e-08,9.15766426534e-14,9.15766426534e-10
0.0001,-6.3,-6.92489460361e-08,2.3917289412e-13,2.3917289412e-09
0.0001,-6.2,-6.84671601879e-08,2.33803093476e-13,2.33803093476e-09
0.0001,-6.1,-9.10692386615e-08,4.1364619603e-13,4.1364619603e-09
0.0001,-6,-1.46739233461e-07,1.07393529361e-12,1.07393529361e-08
0.0001,-5.9,-1.83107005343e-07,1.67222819978e-12,1.67222819978e-08
0.0001,-5.8,-2.45448587726e-07,3.00473861431e-12,3.00473861431e-08
0.0001,-5.7,-3.07897677377e-07,4.72822841566e-12,4.72822841566e-08
0.0001,-5.6,-4.03604184735e-07,8.12450563269e-12,8.12450563269e-08
0.0001,-5.5,-5.25416144511e-07,1.37686845343e-11,1.37686845343e-07
0.0001,-5.4,-6.76684235952e-07,2.28379828023e-11,2.28379828023e-07
0.0001,-5.3,-8.66119004599e-07,3.74145700812e-11,3.74145700812e-07
0.0001,-5.2,-1.10531579181e-06,6.09338154427e-11,6.09338154427e-07
0.0001,-5.1,-1.40697134912e-06,9.87315898873e-11,9.87315898873e-07
0.0001,-5,-1.77380516078e-06,1.5692692012e-10,1.5692692012e-06
0.0001,-4.9,-2.22144914576e-06,2.46126499111e-10,2.46126499111e-06
0.0001,-4.8,-2.7791071378e-06,3.85208802163e-10,3.85208802163e-06
0.0001,-4.7,-3.44995635258e-06,5.93625877041e-10,5.93625877041e-06
0.0001,-4.6,-4.27995349374e-06,9.13616055291e-10,9.13616055291e-06
0.0001,-4.5,-5.23382767142e-06,1.36623202464e-09,1.36623202464e-05
0.0001,-4.4,-6.3990448614e-06,2.04228304929e-09,2.04228304929e-05
0.0001,-4.3,-7.76455332091e-06,3.00689717074e-09,3.00689717074e-05
0.0001,-4.2,-9.37964928595e-06,4.38792123329e-09,4.38792123329e-05
0.0001,-4.1,-1.12673532831e-05,6.33183291805e-09,6.33183291805e-05
0.0001,-4,-1.34612419577e-05,9.0376576081e-09,9.0376576081e-05
0.0001,-3.9,-1.59901528841e-05,1.27523685414e-08,0.000127523685414
0.0001,-3.8,-1.88976626761e-05,1.78115538463e-08,0.000178115538463
0.0001,-3.7,-2.21830399959e-05,2.45430056588e-08,0.000245430056588
0.0001,-3.6,-2.59212397155e-05,3.35117540344e-08,0.000335117540344
0.0001,-3.5,-3.00777975929e-05,4.51208931689e-08,0.000451208931689
0.0001,-3.4,-3.47194182651e-05,6.01215962427e-08,0.000601215962427
0.0001,-3.3,-3.98346896642e-05,7.9142269359e-08,0.00079142269359
0.0001,-3.2,-4.54528733027e-05,1.03040583116e-07,0.00103040583116
0.0001,-3.1,-5.15438093454e-05,1.32506946725e-07,0.00132506946725
0.0001,-3,-5.80965745937e-05,1.68339749602e-07,0.00168339749602
0.0001,-2.9,-6.50887438019e-05,2.11298981033e-07,0.00211298981033
0.0001,-2.8,-7.24694036175e-05,2.61935883326e-07,0.00261935883326
0.0001,-2.7,-8.01820489756e-05,3.20656407877e-07,0.00320656407877
0.0001,-2.6,-8.81676198016e-05,3.87707191096e-07,0.00387707191096
0.0001,-2.5,-9.62877091335e-05,4.62410121206e-07,0.00462410121206
0.0001,-2.4,-0.000104480180241,5.44444292432e-07,0.00544444292432
0.0001,-2.3,-0.000112630634089,6.32701233675e-07,0.00632701233675
0.0001,-2.2,-0.000120542071256,7.24707777687e-07,0.00724707777687
0.0001,-2.1,-0.000128121324509,8.1870692239e-07,0.0081870692239
0.0001,-2,-0.000135189980983,9.11537703647e-07,0.00911537703647
0.0001,-1.9,-0.000141589732111,9.99882904697e-07,0.00999882904697
0.0001,-1.8,-0.000147128371336,1.07963878564e-06,0.0107963878564
0.0001,-1.7,-0.000151659206191,1.14715784651e-06,0.0114715784651
0.0001,-1.6,-0.000155011825295,1.19843720605e-06,0.0119843720605
0.0001,-1.5,-0.000157031766542,1.22987409991e-06,0.0122987409991
0.0001,-1.4,-0.000157596637348,1.23873815977e-06,0.0123873815977
0.0001,-1.3,-0.000156535345531,1.22211044391e-06,0.0122211044391
0.0001,-1.2,-0.000153805549936,1.17985771527e-06,0.0117985771527
0.0001,-1.1,-0.000149339569381,1.11233451286e-06,0.0111233451286
0.0001,-1,-0.000143077449064,1.02100530827e-06,0.0102100530827
0.0001,-0.9,-0.000135032743011,9.09418537915e-07,0.00909418537915
0.0001,-0.8,-0.000125236475072,7.82253101672e-07,0.00782253101672
0.0001,-0.7,-0.000113773648815,6.45608137886e-07,0.00645608137886
0.0001,-0.6,-0.000100735652432,5.06118287822e-07,0.00506118287822
0.0001,-0.5,-8.62768457246e-05,3.71256564e-07,0.00371256564
0.0001,-0.4,-7.05989035565e-05,2.48588787201e-07,0.00248588787201
0.0001,-0.3,-5.38876923087e-05,1.44832088895e-07,0.00144832088895
0.0001,-0.2,-3.63731760592e-05,6.59854332485e-08,0.000659854332485
0.0001,-0.1,-1.83282514641e-05,1.67543542011e-08,0.000167543542011
0.0001,0,-1.08036870716e-08,5.82142914421e-15,5.82142914421e-11
0.0001,0.1,1.83282514646e-05,1.67543542021e-08,0.000167543542021
0.0001,0.2,3.63718113474e-05,6.59804818299e-08,0.000659804818299
0.0001,0.3,5.38876923091e-05,1.44832088898e-07,0.00144832088898
0.0001,0.4,7.05988555252e-05,2.48588448951e-07,0.00248588448951
0.0001,0.5,8.62768457246e-05,3.71256563999e-07,0.00371256563999
0.0001,0.6,0.000100735652432,5.06118287826e-07,0.00506118287826
0.0001,0.7,0.000113773648815,6.45608137891e-07,0.00645608137891
0.0001,0.8,0.000125236475073,7.82253101678e-07,0.00782253101678
0.0001,0.9,0.000135031665998,9.09404031032e-07,0.00909404031032
0.0001,1,0.000143060593334,1.02076475636e-06,0.0102076475636
0.0001,1.1,0.000149339569381,1.11233451286e-06,0.0111233451286
0.0001,1.2,0.000153805549933,1.17985771522e-06,0.0117985771522
0.0001,1.3,0.000156530286885,1.22203145697e-06,0.0122203145697
0.0001,1.4,0.000157595357197,1.23871803541e-06,0.0123871803541
0.0001,1.5,0.000157031766542,1.22987409992e-06,0.0122987409992
0.0001,1.6,0.000155011387118,1.19843043073e-06,0.0119843043073
0.0001,1.7,0.000151659003062,1.14715477356e-06,0.0114715477356
0.0001,1.8,0.000147128078497,1.07963448789e-06,0.0107963448789
0.0001,1.9,0.000141589483892,9.99879398947e-07,0.00999879398947
0.0001,2,0.000135189903247,9.11536655352e-07,0.00911536655352
0.0001,2.1,0.000128121324509,8.18706922395e-07,0.00818706922395
0.0001,2.2,0.000120542297604,7.24710499337e-07,0.00724710499337
0.0001,2.3,0.000112627400694,6.32664907086e-07,0.00632664907086
0.0001,2.4,0.00010447636343,5.44404514488e-07,0.00544404514488
0.0001,2.5,9.62877091338e-05,4.62410121208e-07,0.00462410121208
0.0001,2.6,8.81619439519e-05,3.87657274882e-07,0.00387657274882
0.0001,2.7,8.01820169751e-05,3.2065615193e-07,0.0032065615193
0.0001,2.8,7.24693720505e-05,2.61935655132e-07,0.00261935655132
0.0001,2.9,6.50887438024e-05,2.11298981036e-07,0.00211298981036
0.0001,3,5.80965745917e-05,1.6833974959e-07,0.0016833974959
0.0001,3.1,5.1543733376e-05,1.32506556127e-07,0.00132506556127
0.0001,3.2,4.54528217064e-05,1.03040349181e-07,0.00103040349181
0.0001,3.3,3.98346896569e-05,7.91422693299e-08,0.000791422693299
0.0001,3.4,3.47194182654e-05,6.01215962439e-08,0.000601215962439
0.0001,3.5,3.00777971142e-05,4.51208917327e-08,0.000451208917327
0.0001,3.6,2.59212397235e-05,3.35117540551e-08,0.000335117540551
0.0001,3.7,2.21827602613e-05,2.45423866738e-08,0.000245423866738
0.0001,3.8,1.88896593442e-05,1.77964703311e-08,0.000177964703311
0.0001,3.9,1.59901222597e-05,1.27523196948e-08,0.000127523196948
0.0001,4,1.34609264943e-05,9.03723401919e-09,9.03723401919e-05
0.0001,4.1,1.12594284115e-05,6.32292908497e-09,6.32292908497e-05
0.0001,4.2,9.37945247187e-06,4.38773709087e-09,4.38773709087e-05
0.0001,4.3,7.7645488879e-06,3.00689373729e-09,3.00689373729e-05
0.0001,4.4,6.39904486384e-06,2.04228305085e-09,2.04228305085e-05
0.0001,4.5,5.23362375492e-06,1.36612556649e-09,1.36612556649e-05
0.0001,4.6,4.27088022824e-06,9.09746529875e-10,9.09746529875e-06
0.0001,4.7,3.44995635325e-06,5.93625877273e-10,5.93625877273e-06
0.0001,4.8,2.77868662572e-06,3.85092237604e-10,3.85092237604e-06
0.0001,4.9,2.22144914672e-06,2.46126499324e-10,2.46126499324e-06
0.0001,5,1.77372096219e-06,1.56912022529e-10,1.56912022529e-06
0.0001,5.1,1.40697134965e-06,9.87315899617e-11,9.87315899617e-07
0.0001,5.2,1.10531579264e-06,6.09338155346e-11,6.09338155346e-07
0.0001,5.3,8.64708599914e-07,3.7292816098e-11,3.7292816098e-07
0.0001,5.4,6.76684145882e-07,2.28379767226e-11,2.28379767226e-07
0.0001,5.5,5.25063002422e-07,1.37501823697e-11,1.37501823697e-07
0.0001,5.6,4.01682243175e-07,8.04731294173e-12,8.04731294173e-08
0.0001,5.7,3.07897677391e-07,4.72822841611e-12,4.72822841611e-08
0.0001,5.8,2.45448623231e-07,3.0047394836e-12,3.0047394836e-08
0.0001,5.9,1.82030029234e-07,1.65261503955e-12,1.65261503955e-08
0.0001,6,1.46739235324e-07,1.07393532088e-12,1.07393532088e-08
0.0001,6.1,9.10692392848e-08,4.13646201691e-13,4.13646201691e-09
0.0001,6.2,6.79447692129e-08,2.30248960768e-13,2.30248960768e-09
0.0001,6.3,6.92489469581e-08,2.39172900489e-13,2.39172900489e-09
0.0001,6.4,4.27207213322e-08,9.10254379621e-14,9.10254379621e-10
0.0001,6.5,2.00091087939e-08,1.99683009839e-14,1.99683009839e-10
0.0001,6.6,3.35260110942e-09,5.6059522189e-16,5.6059522189e-12
0.0001,6.7,-5.3705278417e-09,1.43853213459e-15,1.43853213459e-11
0.0001,6.8,-9.36097584024e-09,4.37046726591e-15,4.37046726591e-11
0.0001,6.9,-1.32226713295e-08,8.72015147576e-15,8.72015147576e-11
0.0001,7,2.18159568231e-08,2.3737454968e-14,2.3737454968e-10
0.0001,7.1,1.60783082608e-08,1.28933664104e-14,1.28933664104e-10
0.0001,7.2,1.17906228676e-08,6.93360536684e-15,6.93360536684e-11
0.0001,7.3,8.60306217e-09,3.69140542149e-15,3.69140542149e-11
0.0001,7.4,6.24591212612e-09,1.94570664774e-15,1.94570664774e-11
0.0001,7.5,4.5119502634e-09,1.01534639299e-15,1.01534639299e-11
0.0001,7.6,3.24305988831e-09,5.24560470782e-16,5.24560470782e-12
0.0001,7.7,2.31940338271e-09,2.68310825523e-16,2.68310825523e-12
0.0001,7.8,1.65053697992e-09,1.35873931277e-16,1.35873931277e-12
0.0001,7.9,1.16866938453e-09,6.81191087451e-17,6.81191087451e-13
0.0001,8,8.23375088414e-10,3.3812794824e-17,3.3812794824e-13
0.0001,8.1,5.77213949931e-10,1.66172540646e-17,1.66172540646e-13
0.0001,8.2,4.02634707302e-10,8.08552157226e-18,8.08552157226e-14
0.0001,8.3,2.79432552075e-10,3.894391579e-18,3.894391579e-14
0.0001,8.4,1.92985330358e-10,1.85752307897e-18,1.85752307897e-14
0.0001,8.5,1.32625853951e-10,8.77287637721e-19,8.77287637721e-15
0.0001,8.6,9.06977283414e-11,4.10278200813e-19,4.10278200813e-15
0.0001,8.7,6.17248011096e-11,1.90022497358e-19,1.90022497358e-15
0.0001,8.8,4.17745923073e-11,8.70382325407e-20,8.70382325407e-16
0.0001,8.9,2.81548984948e-11,3.95360752745e-20,3.95360752745e-16
0.0001,9,1.888975831e-11,1.77966568086e-20,1.77966568086e-16
0.0001,9.1,1.26179838213e-11,7.94082372647e-21,7.94082372647e-17
0.0001,9.2,8.39515579174e-12,3.51514417794e-21,3.51514417794e-17
0.0001,9.3,5.56748413468e-12,1.54597903192e-21,1.54597903192e-17
0.0001,9.4,3.65051512072e-12,6.64651403822e-22,6.64651403822e-18
0.0001,9.5,2.40263797404e-12,2.87913677522e-22,2.87913677522e-18
0.0001,9.6,1.5806738082e-12,1.24614947029e-22,1.24614947029e-18
0.0001,9.7,1.04221423081e-12,5.41750874266e-23,5.41750874266e-19
0.0001,9.8,6.91730716317e-13,2.38649069275e-23,2.38649069275e-19
0.0001,9.9,4.64558639569e-13,1.07638269126e-23,1.07638269126e-19
0.0001,10,-1.0803392632e-08,5.82111183843e-15,5.82111183843e-11
0.0001,10.1,-1.08034883464e-08,5.82121498507e-15,5.82121498507e-11
0.0001,10.2,-1.08035494692e-08,5.82128085456e-15,5.82128085456e-11
0.0001,10.3,-1.08035930357e-08,5.82132780458e-15,5.82132780458e-11
0.0001,10.4,-1.08036284518e-08,5.82136597135e-15,5.82136597135e-11
0.0001,10.5,-1.08036507673e-08,5.82139002007e-15,5.82139002007e-11
0.0001,10.6,-1.08036645341e-08,5.82140485612e-15,5.82140485612e-11
0.0001,10.7,-1.08036733049e-08,5.82141430813e-15,5.82141430813e-11
0.0001,10.8,-1.08036785229e-08,5.82141993148e-15,5.82141993148e-11
0.0001,10.9,-1.08036819646e-08,5.8214236405e-15,5.8214236405e-11
0.0001,11,-1.0803683963e-08,5.82142579413e-15,5.82142579413e-11
0.0001,11.1,-1.08036852953e-08,5.82142722988e-15,5.82142722988e-11
0.0001,11.2,-1.08036860724e-08,5.8214280674e-15,5.8214280674e-11
0.0001,11.3,-1.08036865165e-08,5.82142854599e-15,5.82142854599e-11
0.0001,11.4,-1.08036867386e-08,5.82142878528e-15,5.82142878528e-11
0.0001,11.5,-1.08036868496e-08,5.82142890492e-15,5.82142890492e-11
0.0001,11.6,-1.08036868496e-08,5.82142890492e-15,5.82142890492e-11
0.0001,11.7,-1.08036871826e-08,5.82142926386e-15,5.82142926386e-11
0.0001,11.8,-1.08036870716e-08,5.82142914421e-15,5.82142914421e-11
0.0001,11.9,-1.08036870716e-08,5.82142914421e-15,5.82142914421e-11
0.0001,12,-1.08036870716e-08,5.82142914421e-15,5.82142914421e-11
0.0001,12.1,-1.08036871826e-08,5.82142926386e-15,5.82142926386e-11
0.0001,12.2,-1.08036870716e-08,5.82142914421e-15,5.82142914421e-11
0.0001,12.3,-1.08036870716e-08,5.82142914421e-15,5.82142914421e-11
0.0001,12.4,-1.08036870716e-08,5.82142914421e-15,5.82142914421e-11
0.0001,12.5,-1.08036870716e-08,5.82142914421e-15,5.82142914421e-11
0.0001,12.6,-1.08036871826e-08,5.82142926386e-15,5.82142926386e-11
0.0001,12.7,-1.08036871826e-08,5.82142926386e-15,5.82142926386e-11
0.0001,12.8,-1.08036871826e-08,5.82142926386e-15,5.82142926386e-11
0.0001,12.9,-1.08036871826e-08,5.82142926386e-15,5.82142926386e-11
0.0001,13,-1.08036871826e-08,5.82142926386e-15,5.82142926386e-11
0.0001,13.1,-1.08036871826e-08,5.82142926386e-15,5.82142926386e-11
0.0001,13.2,-1.08036871826e-08,5.82142926386e-15,5.82142926386e-11
0.0001,13.3,-1.08036871826e-08,5.82142926386e-15,5.82142926386e-11
0.0001,13.4,-1.08036871826e-08,5.82142926386e-15,5.82142926386e-11
0.0001,13.5,-1.08036871826e-08,5.82142926386e-15,5.82142926386e-11
0.0001,13.6,-1.08036871826e-08,5.82142926386e-15,5.82142926386e-11
0.0001,13.7,-1.08036871826e-08,5.82142926386e-15,5.82142926386e-11
0.0001,13.8,-1.08036871826e-08,5.82142926386e-15,5.82142926386e-11
0.0001,13.9,-1.08036871826e-08,5.82142926386e-15,5.82142926386e-11
0.0001,14,-1.08036871826e-08,5.82142926386e-15,5.82142926386e-11
0.0001,14.1,-1.08036871826e-08,5.82142926386e-15,5.82142926386e-11
0.0001,14.2,-1.08036871826e-08,5.82142926386e-15,5.82142926386e-11
0.0001,14.3,-1.08036871826e-08,5.82142926386e-15,5.82142926386e-11
0.0001,14.4,-1.08036871826e-08,5.82142926386e-15,5.82142926386e-11
0.0001,14.5,-1.08036871826e-08,5.82142926386e-15,5.82142926386e-11
0.0001,14.6,-1.08036871826e-08,5.82142926386e-15,5.82142926386e-11
0.0001,14.7,-1.08036871826e-08,5.82142926386e-15,5.82142926386e-11
0.0001,14.8,-1.08036871826e-08,5.82142926386e-15,5.82142926386e-11
0.0001,14.9,-1.08036871826e-08,5.82142926386e-15,5.82142926386e-11
0.0001,15,-1.08036871826e-08,5.82142926386e-15,5.82142926386e-11
0.0001,15.1,-1.08036871826e-08,5.82142926386e-15,5.82142926386e-11
0.0001,15.2,-1.08036871826e-08,5.82142926386e-15,5.82142926386e-11
0.0001,15.3,-1.08036871826e-08,5.82142926386e-15,5.82142926386e-11
0.0001,15.4,-1.08036871826e-08,5.82142926386e-15,5.82142926386e-11
0.0001,15.5,-1.08036871826e-08,5.82142926386e-15,5.82142926386e-11
0.0001,15.6,-1.08036871826e-08,5.82142926386e-15,5.82142926386e-11
0.0001,15.7,-1.08036871826e-08,5.82142926386e-15,5.82142926386e-11
0.0001,15.8,-1.08036871826e-08,5.82142926386e-15,5.82142926386e-11
0.0001,15.9,-1.08036871826e-08,5.82142926386e-15,5.82142926386e-11
0.0001,16,-1.08036871826e-08,5.82142926386e-15,5.82142926386e-11
0.0001,16.1,-1.08036871826e-08,5.82142926386e-15,5.82142926386e-11
0.0001,16.2,-1.08036871826e-08,5.82142926386e-15,5.82142926386e-11
0.0001,16.3,-1.08036871826e-08,5.82142926386e-15,5.82142926386e-11
0.0001,16.4,-1.08036871826e-08,5.82142926386e-15,5.82142926386e-11
0.0001,16.5,-1.08036871826e-08,5.82142926386e-15,5.82142926386e-11
0.0001,16.6,-1.08036871826e-08,5.82142926386e-15,5.82142926386e-11
0.0001,16.7,-1.08036871826e-08,5.82142926386e-15,5.82142926386e-11
0.0001,16.8,-1.08036871826e-08,5.82142926386e-15,5.82142926386e-11
0.0001,16.9,-1.08036871826e-08,5.82142926386e-15,5.82142926386e-11
0.0001,17,-1.08036871826e-08,5.82142926386e-15,5.82142926386e-11
0.0001,17.1,-1.08036871826e-08,5.82142926386e-15,5.82142926386e-11
0.0001,17.2,-1.08036871826e-08,5.82142926386e-15,5.82142926386e-11
0.0001,17.3,-1.08036871826e-08,5.82142926386e-15,5.82142926386e-11
0.0001,17.4,-1.08036871826e-08,5.82142926386e-15,5.82142926386e-11
0.0001,17.5,-1.08036871826e-08,5.82142926386e-15,5.82142926386e-11
0.0001,17.6,-1.08036871826e-08,5.82142926386e-15,5.82142926386e-11
0.0001,17.7,-1.08036871826e-08,5.82142926386e-15,5.82142926386e-11
0.0001,17.8,-1.08036871826e-08,5.82142926386e-15,5.82142926386e-11
0.0001,17.9,-1.08036871826e-08,5.82142926386e-15,5.82142926386e-11
0.0001,18,-1.08036871826e-08,5.82142926386e-15,5.82142926386e-11
0.0001,18.1,-1.08036871826e-08,5.82142926386e-15,5.82142926386e-11
0.0001,18.2,-1.08036871826e-08,5.82142926386e-15,5.82142926386e-11
0.0001,18.3,-1.08036871826e-08,5.82142926386e-15,5.82142926386e-11
0.0001,18.4,-1.08036871826e-08,5.82142926386e-15,5.82142926386e-11
0.0001,18.5,-1.08036871826e-08,5.82142926386e-15,5.82142926386e-11
0.0001,18.6,-1.08036871826e-08,5.82142926386e-15,5.82142926386e-11
0.0001,18.7,-1.08036871826e-08,5.82142926386e-15,5.82142926386e-11
0.0001,18.8,-1.08036871826e-08,5.82142926386e-15,5.82142926386e-11
0.0001,18.9,-1.08036871826e-08,5.82142926386e-15,5.82142926386e-11
0.0001,19,-1.08036871826e-08,5.82142926386e-15,5.82142926386e-11
0.0001,19.1,-1.08036871826e-08,5.82142926386e-15,5.82142926386e-11
0.0001,19.2,-1.08036871826e-08,5.82142926386e-15,5.82142926386e-11
0.0001,19.3,-1.08036871826e-08,5.82142926386e-15,5.82142926386e-11
0.0001,19.4,-1.08036871826e-08,5.82142926386e-15,5.82142926386e-11
0.0001,19.5,-1.08036871826e-08,5.82142926386e-15,5.82142926386e-11
0.0001,19.6,-1.08036871826e-08,5.82142926386e-15,5.82142926386e-11
0.0001,19.7,-1.08036871826e-08,5.82142926386e-15,5.82142926386e-11
0.0001,19.8,-1.08036871826e-08,5.82142926386e-15,5.82142926386e-11
0.0001,19.9,-1.08036871826e-08,5.82142926386e-15,5.82142926386e-11
0.0001,20,-1.08036871826e-08,5.82142926386e-15,5.82142926386e-11
0.0001,20.1,-1.08036871826e-08,5.82142926386e-15,5.82142926386e-11
0.0001,20.2,-1.08036871826e-08,5.82142926386e-15,5.82142926386e-11
0.0001,20.3,-1.08036871826e-08,5.82142926386e-15,5.82142926386e-11
0.0001,20.4,-1.08036871826e-08,5.82142926386e-15,5.82142926386e-11
0.0001,20.5,-1.08036871826e-08,5.82142926386e-15,5.82142926386e-11
0.0001,20.6,-1.08036871826e-08,5.82142926386e-15,5.82142926386e-11
0.0001,20.7,-1.08036871826e-08,5.82142926386e-15,5.82142926386e-11
0.0001,20.8,-1.08036871826e-08,5.82142926386e-15,5.82142926386e-11
0.0001,20.9,-1.08036871826e-08,5.82142926386e-15,5.82142926386e-11
0.0001,21,-1.08036871826e-08,5.82142926386e-15,5.82142926386e-11
0.0001,21.1,-1.08036871826e-08,5.82142926386e-15,5.82142926386e-11
0.0001,21.2,-1.08036871826e-08,5.82142926386e-15,5.82142926386e-11
0.0001,21.3,-1.08036871826e-08,5.82142926386e-15,5.82142926386e-11
0.0001,21.4,-1.08036871826e-08,5.82142926386e-15,5.82142926386e-11
0.0001,21.5,-1.08036871826e-08,5.82142926386e-15,5.82142926386e-11
0.0001,21.6,-1.08036871826e-08,5.82142926386e-15,5.82142926386e-11
0.0001,21.7,-1.08036871826e-08,5.82142926386e-15,5.82142926386e-11
0.0001,21.8,-1.08036871826e-08,5.82142926386e-15,5.82142926386e-11
0.0001,21.9,-1.08036871826e-08,5.82142926386e-15,5.82142926386e-11
0.0001,22,-1.08036871826e-08,5.82142926386e-15,5.82142926386e-11
0.0001,22.1,-1.08036871826e-08,5.82142926386e-15,5.82142926386e-11
0.0001,22.2,-1.08036871826e-08,5.82142926386e-15,5.82142926386e-11
0.0001,22.3,-1.08036871826e-08,5.82142926386e-15,5.82142926386e-11
0.0001,22.4,-1.08036871826e-08,5.82142926386e-15,5.82142926386e-11
0.0001,22.5,-1.08036871826e-08,5.82142926386e-15,5.82142926386e-11
0.0001,22.6,-1.08036871826e-08,5.82142926386e-15,5.82142926386e-11
0.0001,22.7,-1.08036871826e-08,5.82142926386e-15,5.82142926386e-11
0.0001,22.8,-1.08036871826e-08,5.82142926386e-15,5.82142926386e-11
0.0001,22.9,-1.08036871826e-08,5.82142926386e-15,5.82142926386e-11
0.0001,23,-1.08036871826e-08,5.82142926386e-15,5.82142926386e-11
0.0001,23.1,-1.08036871826e-08,5.82142926386e-15,5.82142926386e-11
0.0001,23.2,-1.08036871826e-08,5.82142926386e-15,5.82142926386e-11
0.0001,23.3,-1.08036871826e-08,5.82142926386e-15,5.82142926386e-11
0.0001,23.4,-1.08036871826e-08,5.82142926386e-15,5.82142926386e-11
0.0001,23.5,-1.08036871826e-08,5.82142926386e-15,5.82142926386e-11
0.0001,23.6,-1.08036871826e-08,5.82142926386e-15,5.82142926386e-11
0.0001,23.7,-1.08036871826e-08,5.82142926386e-15,5.82142926386e-11
0.0001,23.8,-1.08036871826e-08,5.82142926386e-15,5.82142926386e-11
0.0001,23.9,-1.08036871826e-08,5.82142926386e-15,5.82142926386e-11
0.0001,24,-1.08036871826e-08,5.82142926386e-15,5.82142926386e-11
0.0001,24.1,-1.08036871826e-08,5.82142926386e-15,5.82142926386e-11
0.0001,24.2,-1.08036871826e-08,5.82142926386e-15,5.82142926386e-11
0.0001,24.3,-1.08036871826e-08,5.82142926386e-15,5.82142926386e-11
0.0001,24.4,-1.08036871826e-08,5.82142926386e-15,5.82142926386e-11
0.0001,24.5,-1.08036871826e-08,5.82142926386e-15,5.82142926386e-11
0.0001,24.6,-1.08036871826e-08,5.82142926386e-15,5.82142926386e-11
0.0001,24.7,-1.08036871826e-08,5.82142926386e-15,5.82142926386e-11
0.0001,24.8,-1.08036871826e-08,5.82142926386e-15,5.82142926386e-11
0.0001,24.9,-1.08036871826e-08,5.82142926386e-15,5.82142926386e-11
0.0001,25,-1.08036871826e-08,5.82142926386e-15,5.82142926386e-11
