epsilon,seed,s_observed,s_mds_rff,adapt_ms,theta_true,npe_mean_baseline,npe_mean_mds,abs_error_baseline,abs_error_mds
0,1000,0.0849268558895,0.0849268585443,1.53219001368,0,0.0802145078778,0.0802145078778,0.0802145078778,0.0802145078778
0,1001,0.111816858091,0.111816860735,1.48073188029,0,0.106921233237,0.106921233237,0.106921233237,0.106921233237
0,1002,-0.0876190360119,-0.0876190364361,2.28702486493,0,-0.0910063460469,-0.0910063460469,0.0910063460469,0.0910063460469
0,1003,-0.0941120946026,-0.094112098217,1.54122081585,0,-0.097444601357,-0.097444601357,0.097444601357,0.097444601357
0,1004,0.0388939684311,0.0388939678669,1.4950861223,0,0.0345099978149,0.0345099978149,0.0345099978149,0.0345099978149
0,1005,-0.124180450795,-0.124180451035,1.49040599354,0,-0.127254277468,-0.127254277468,0.127254277468,0.127254277468
0,1006,-0.102734346755,-0.102734349668,1.47899799049,0,-0.10599347204,-0.10599347204,0.10599347204,0.10599347204
0,1007,0.0845361077177,0.0845361053944,1.55249098316,0,0.0798265784979,0.0798265784979,0.0798265784979,0.0798265784979
0,1008,-0.287408267639,-0.287408262491,1.53736490756,0,-0.288955509663,-0.288955509663,0.288955509663,0.288955509663
0,1009,-0.0268363697608,-0.0268363691866,1.51335494593,0,-0.0307196862996,-0.0307196862996,0.0307196862996,0.0307196862996
0,1010,-0.0755612769916,-0.0755612775683,1.49734015577,0,-0.0790494978428,-0.0790494978428,0.0790494978428,0.0790494978428
0,1011,0.000559724260032,0.000559724285267,1.95607310161,0,-0.00353692309,-0.00353692309,0.00353692309,0.00353692309
0,1012,-0.0939967938968,-0.0939967930317,1.5912130475,0,-0.0973303094506,-0.0973303094506,0.0973303094506,0.0973303094506
0,1013,-0.00569587740714,-0.00569587759674,1.53336906806,0,-0.00974439363927,-0.00974439363927,0.00974439363927,0.00974439363927
0,1014,0.0431385330731,0.0431385338306,1.51795893908,0,0.0387234054506,0.0387234054506,0.0387234054506,0.0387234054506
0,1015,-0.00876392921211,-0.00876392889768,1.48111302406,0,-0.012788827531,-0.012788827531,0.012788827531,0.012788827531
0,1016,0.128038873134,0.128038868308,1.51461805217,0,0.123035848141,0.123035848141,0.123035848141,0.123035848141
0,1017,0.0381676542994,0.038167655468,1.51520804502,0,0.0337888523936,0.0337888523936,0.0337888523936,0.0337888523936
0,1018,0.0120110240956,0.0120110241696,1.50639517233,0,0.00782714318484,0.00782714318484,0.00782714318484,0.00782714318484
0,1019,0.0762303373149,0.0762303397059,1.48753589019,0,0.0715785548091,0.0715785548091,0.0715785548091,0.0715785548091
0,1020,-0.0132544615714,-0.01325446181,1.49823399261,0,-0.0172443799675,-0.0172443799675,0.0172443799675,0.0172443799675
0,1021,0.133818012471,0.133818015456,1.5405130107,0,0.128777459264,0.128777459264,0.128777459264,0.128777459264
0,1022,-0.0275130294546,-0.0275130290538,2.19841208309,0,-0.0313910469413,-0.0313910469413,0.0313910469413,0.0313910469413
0,1023,-0.0873254180753,-0.0873254165053,1.53596093878,0,-0.0907150954008,-0.0907150954008,0.0907150954008,0.0907150954008
0,1024,-0.0194193820637,-0.019419381395,1.50573905557,0,-0.0233611147851,-0.0233611147851,0.0233611147851,0.0233611147851
0,1025,-0.148497583055,-0.148497581482,2.45648389682,0,-0.151356980205,-0.151356980205,0.151356980205,0.151356980205
0,1026,-0.0669900284723,-0.0669900253415,1.54190813191,0,-0.070549249649,-0.070549249649,0.070549249649,0.070549249649
0,1027,0.128352511253,0.128352507949,1.56498583965,0,0.123347528279,0.123347528279,0.123347528279,0.123347528279
0,1028,-0.124716939018,-0.124716937542,1.52967008762,0,-0.127786174417,-0.127786174417,0.127786174417,0.127786174417
0,1029,0.0175882696795,0.0175882689655,1.4879880473,0,0.0133623033762,0.0133623033762,0.0133623033762,0.0133623033762
0,1030,0.0434031986116,0.0434031970799,1.48296705447,0,0.0389860756695,0.0389860756695,0.0389860756695,0.0389860756695
0,1031,-0.119754055399,-0.119754053652,1.50413904339,0,-0.122866496444,-0.122866496444,0.122866496444,0.122866496444
0,1032,-0.0391563491499,-0.0391563475132,1.53817096725,0,-0.0429417639971,-0.0429417639971,0.0429417639971,0.0429417639971
0,1033,-0.115854415725,-0.115854412317,1.52253895067,0,-0.119000725448,-0.119000725448,0.119000725448,0.119000725448
0,1034,0.176951388914,0.176951393485,1.49997603148,0,0.171638116241,0.171638116241,0.171638116241,0.171638116241
0,1035,-0.0322430574369,-0.0322430580854,1.52541603893,0,-0.0360834561288,-0.0360834561288,0.0360834561288,0.0360834561288
0,1036,0.192594405184,0.192594408989,1.5178991016,0,0.187186345458,0.187186345458,0.187186345458,0.187186345458
0,1037,0.185160440095,0.185160443187,1.8910758663,0,0.179797157645,0.179797157645,0.179797157645,0.179797157645
0,1038,0.0991823317189,0.0991823300719,1.52855995111,0,0.0943720564246,0.0943720564246,0.0943720564246,0.0943720564246
0,1039,0.0220370061152,0.0220370069146,1.51849212125,0,0.0177777986974,0.0177777986974,0.0177777986974,0.0177777986974
0,1040,0.0089110191134,0.00891101919115,1.56788504682,0,0.00475058984011,0.00475058984011,0.00475058984011,0.00475058984011
0,1041,0.148524944522,0.148524940014,1.51494587772,0,0.143389552832,0.143389552832,0.143389552832,0.143389552832
0,1042,-0.137898455797,-0.137898460031,1.6460029874,0,-0.140851959586,-0.140851959586,0.140851959586,0.140851959586
0,1043,-0.106173007472,-0.10617300868,1.53221096843,0,-0.109402552247,-0.109402552247,0.109402552247,0.109402552247
0,1044,0.0568182321036,0.0568182319403,1.51080009528,0,0.0523040220141,0.0523040220141,0.0523040220141,0.0523040220141
0,1045,0.0637829121354,0.063782915473,1.50102283806,0,0.0592191070318,0.0592191070318,0.0592191070318,0.0592191070318
0,1046,-0.0921478718134,-0.0921478718519,1.48771284148,0,-0.0954969078302,-0.0954969078302,0.0954969078302,0.0954969078302
0,1047,-0.130711749235,-0.130711749196,1.50781800039,0,-0.133728578687,-0.133728578687,0.133728578687,0.133728578687
0,1048,0.0300514982771,0.0300514977425,1.52552197687,0,0.0257324576378,0.0257324576378,0.0257324576378,0.0257324576378
0,1049,0.134752849654,0.134752854705,1.50835094973,0,0.129705965519,0.129705965519,0.129705965519,0.129705965519
0.1,1000,0.840927248426,0.0494413375854,5.50427101552,0,0.833024144173,0.0449802465737,0.833024144173,0.0449802465737
0.1,1001,0.964326982799,0.137218877673,5.36186085083,0,0.956116259098,0.132156044245,0.956116259098,0.132156044245
0.1,1002,0.686036239373,-0.067758873105,4.13886713795,0,0.678546726704,-0.0713117942214,0.678546726704,0.0713117942214
0.1,1003,0.649863559752,-0.0996517166495,6.22129812837,0,0.642479836941,-0.10293699801,0.642479836941,0.10293699801
0.1,1004,0.822336846583,0.023309931159,5.26843592525,0,0.814480960369,0.0190412290394,0.814480960369,0.0190412290394
0.1,1005,0.732669553123,-0.0507372021675,7.73353897966,0,0.725049257278,-0.054429166019,0.725049257278,0.054429166019
0.1,1006,0.634945250447,-0.132608518004,4.34864708222,0,0.627606868744,-0.135608553886,0.627606868744,0.135608553886
0.1,1007,0.812687773126,0.0915211141109,7.8812839929,0,0.804856419563,0.0867632776499,0.804856419563,0.0867632776499
0.1,1008,0.548104237677,-0.304349958897,4.84618986957,0,0.541048407555,-0.30572783947,0.541048407555,0.30572783947
0.1,1009,0.749817764353,-0.0952031314373,5.20401308313,0,0.742151081562,-0.0985264107585,0.742151081562,0.0985264107585
0.1,1010,0.781944187739,-0.0210706815124,6.09752791934,0,0.774192392826,-0.0249993931502,0.774192392826,0.0249993931502
0.1,1011,0.733212777454,-0.0139565095305,6.11255690455,0,0.725591182709,-0.0179411079735,0.725591182709,0.0179411079735
0.1,1012,0.73068961273,-0.0531624853611,6.8508728873,0,0.72307497263,-0.0568348653615,0.72307497263,0.0568348653615
0.1,1013,0.784620452349,-0.0195666179061,6.9672151003,0,0.776861667633,-0.0235071387142,0.776861667633,0.0235071387142
0.1,1014,0.798816389493,0.0745761841536,7.3060519062,0,0.791020870209,0.0699359402061,0.791020870209,0.0699359402061
0.1,1015,0.811744480395,0.0229193866253,4.31777909398,0,0.80391561985,0.0186534151435,0.80391561985,0.0186534151435
0.1,1016,0.904431774695,0.193404600024,5.55613590404,0,0.896370112896,0.187991738319,0.896370112896,0.187991738319
0.1,1017,0.878362637819,0.0707401782274,5.03652798943,0,0.870365619659,0.0661269649863,0.870365619659,0.0661269649863
0.1,1018,0.771213335115,-0.026970051229,6.942570908,0,0.763489663601,-0.0308524183929,0.763489663601,0.0308524183929
0.1,1019,0.881354430852,0.0980212390423,5.22904400714,0,0.873350143433,0.0932189524174,0.873350143433,0.0932189524174
0.1,1020,0.829256367395,0.0145360529423,4.73236199468,0,0.82138299942,0.0103331264108,0.82138299942,0.0103331264108
0.1,1021,1.01383976461,0.235922977328,5.61534799635,0,1.00550472736,0.230262950063,1.00550472736,0.230262950063
0.1,1022,0.750744193371,-0.000556766986847,5.12172305025,0,0.743074953556,-0.00464490056038,0.743074953556,0.00464490056038
0.1,1023,0.776502494046,-0.0322421044111,6.29744282924,0,0.768765091896,-0.0360826514661,0.768765091896,0.0360826514661
0.1,1024,0.740993512313,-0.0260342359543,6.13686884753,0,0.733350753784,-0.0299239531159,0.733350753784,0.0299239531159
0.1,1025,0.734022577515,-0.0377350524068,7.03969900496,0,0.726398766041,-0.0415319539607,0.726398766041,0.0415319539607
0.1,1026,0.759351298465,-0.0476631596684,6.53418200091,0,0.751659274101,-0.0513800047338,0.751659274101,0.0513800047338
0.1,1027,0.896252731768,0.139742717147,7.039292017,0,0.888211250305,0.13466361165,0.888211250305,0.13466361165
0.1,1028,0.643361354545,-0.19445052743,5.21503598429,0,0.635997354984,-0.19689193368,0.635997354984,0.19689193368
0.1,1029,0.893092259028,0.0320876538754,4.37322910875,0,0.885058641434,0.0277537312359,0.885058641434,0.0277537312359
0.1,1030,0.813173606602,0.0169997960329,4.29016095586,0,0.805341005325,0.0127783212811,0.805341005325,0.0127783212811
0.1,1031,0.713544393253,-0.0888346657157,5.23249711841,0,0.705976843834,-0.0922117829323,0.705976843834,0.0922117829323
0.1,1032,0.725183592377,-0.014641277492,6.12433487549,0,0.717583954334,-0.0186204388738,0.717583954334,0.0186204388738
0.1,1033,0.687669324105,-0.105878889561,7.02044204809,0,0.680174946785,-0.109110891819,0.680174946785,0.109110891819
0.1,1034,0.996780274301,0.223619863391,4.54387278296,0,0.988488197327,0.218029752374,0.988488197327,0.218029752374
0.1,1035,0.806456306213,-0.00382401794195,6.14968803711,0,0.798640906811,-0.0078868996352,0.798640906811,0.0078868996352
0.1,1036,0.970901173208,0.180338039994,5.08529809304,0,0.962674200535,0.175004139543,0.962674200535,0.175004139543
0.1,1037,1.01881506431,0.208139672875,4.33375802822,0,1.01046729088,0.202639371157,1.01046729088,0.202639371157
0.1,1038,0.8764236817,0.107304513454,6.90972292796,0,0.868431508541,0.102439314127,0.868431508541,0.102439314127
0.1,1039,0.872704824114,0.0729409903288,6.55747996643,0,0.864721894264,0.0683122873306,0.864721894264,0.0683122873306
0.1,1040,0.878370805097,0.0325140953064,5.07350009866,0,0.87037396431,0.0281769372523,0.87037396431,0.0281769372523
0.1,1041,0.960011541456,0.10016644001,6.86636311002,0,0.951811611652,0.0953493565321,0.951811611652,0.0953493565321
0.1,1042,0.650224875338,-0.165345206857,6.02900213562,0,0.642840087414,-0.168053284287,0.642840087414,0.168053284287
0.1,1043,0.734307189889,-0.0391982793808,6.91070803441,0,0.72668248415,-0.0429834909737,0.72668248415,0.0429834909737
0.1,1044,0.887159111301,0.0922010242939,6.81458995678,0,0.879140138626,0.0874384492636,0.879140138626,0.0874384492636
0.1,1045,0.857930504233,0.0802647173405,7.48253893107,0,0.849984645844,0.075584821403,0.849984645844,0.075584821403
0.1,1046,0.696169507531,-0.0471297502518,3.44924186356,0,0.6886510849,-0.0508510097861,0.6886510849,0.0508510097861
0.1,1047,0.647430794983,-0.150587007403,4.44390089251,0,0.64005446434,-0.153427675366,0.64005446434,0.153427675366
0.1,1048,0.810245880542,0.005220875144,6.95295399055,0,0.802420854568,0.0010884788353,0.802420854568,0.0010884788353
0.1,1049,0.962777127801,0.21157579124,4.47731488384,0,0.954570114613,0.206055432558,0.954570114613,0.206055432558
0.2,1000,1.63463684552,0.133249148726,5.26177301072,0,1.62415409088,0.128212168813,1.62415409088,0.128212168813
0.2,1001,1.70838665184,0.0903541743755,10.7446748298,0,1.69755411148,0.0856044739485,1.69755411148,0.0856044739485
0.2,1002,1.49009314813,-0.0196917951107,7.0658789482,0,1.48023974895,-0.0236315131187,1.48023974895,0.0236315131187
0.2,1003,1.44210889785,-0.0477416142821,7.15739303268,0,1.43244600296,-0.0514579229057,1.43244600296,0.0514579229057
0.2,1004,1.52325448912,0.0318498164415,7.76590919122,0,1.5132638216,0.0275176521391,1.5132638216,0.0275176521391
0.2,1005,1.5488378362,-0.019688308239,7.0966440253,0,1.53873848915,-0.023627974093,1.53873848915,0.023627974093
0.2,1006,1.42924130432,-0.130529135466,6.15701498464,0,1.41962790489,-0.133547514677,1.41962790489,0.133547514677
0.2,1007,1.61997528743,0.0629147291183,8.27787979506,0,1.60956001282,0.0583570227027,1.60956001282,0.0583570227027
0.2,1008,1.39712011905,-0.264351010323,8.55009513907,0,1.387627244,-0.266125977039,1.387627244,0.266125977039
0.2,1009,1.62288787449,-0.0899728015065,6.04244088754,0,1.61245942116,-0.0933402478695,1.61245942116,0.0933402478695
0.2,1010,1.57609958781,-0.0276550352573,7.17910798267,0,1.56588149071,-0.0315320454538,1.56588149071,0.0315320454538
0.2,1011,1.55775722847,0.00359785556793,6.73589087091,0,1.5476193428,-0.00052205187967,1.5476193428,0.00052205187967
0.2,1012,1.60713600203,-0.0288423672318,7.27054802701,0,1.59677910805,-0.0327097959816,1.59677910805,0.0327097959816
0.2,1013,1.70083342311,0.0554300993681,6.14959700033,0,1.69003760815,0.0509258247912,1.69003760815,0.0509258247912
0.2,1014,1.5569936127,0.0825402140617,8.62900982611,0,1.54685890675,0.0778444707394,1.54685890675,0.0778444707394
0.2,1015,1.59047716265,0.0305351912975,7.87401897833,0,1.58019518852,0.0262125264853,1.58019518852,0.0262125264853
0.2,1016,1.61887908373,0.211594566703,6.20891293511,0,1.60846889019,0.206074073911,1.60846889019,0.206074073911
0.2,1017,1.75364642312,0.136400058866,6.4220118802,0,1.7425917387,0.131342694163,1.7425917387,0.131342694163
0.2,1018,1.60236937434,0.00113166123629,6.90591800958,0,1.5920342207,-0.00296944705769,1.5920342207,0.00296944705769
0.2,1019,1.6680012273,0.0810546576977,8.39871703647,0,1.65736246109,0.0763691365719,1.65736246109,0.0763691365719
0.2,1020,1.69597030191,0.0329256951809,6.22898805887,0,1.68519771099,0.0285854209214,1.68519771099,0.0285854209214
0.2,1021,1.92795857158,0.418048679829,6.21078093536,0,1.91601240635,0.411492586136,1.91601240635,0.411492586136
0.2,1022,1.63407909043,0.0359172075987,7.03162210993,0,1.62359905243,0.0315549634397,1.62359905243,0.0315549634397
0.2,1023,1.49048410107,-0.0351006090641,7.92380003259,0,1.48062908649,-0.0389183983207,1.48062908649,0.0389183983207
0.2,1024,1.55301799666,-0.0221553444862,7.12978397496,0,1.54290056229,-0.0260756965727,1.54290056229,0.0260756965727
0.2,1025,1.54040435301,-0.0535120740533,6.20855600573,0,1.53034102917,-0.0571815781295,1.53034102917,0.0571815781295
0.2,1026,1.59178845748,-0.0443076193333,5.1728261169,0,1.58150053024,-0.0480515807867,1.58150053024,0.0480515807867
0.2,1027,1.72529139285,0.23660095036,8.54612304829,0,1.71437680721,0.230937123299,1.71437680721,0.230937123299
0.2,1028,1.50427078292,-0.157570928335,7.75915407576,0,1.49435949326,-0.160349071026,1.49435949326,0.160349071026
0.2,1029,1.73671381992,0.0507501959801,6.27089012414,0,1.72574293613,0.046279899776,1.72574293613,0.046279899776
0.2,1030,1.62638305035,0.0472956001759,8.2665940281,0,1.61593878269,0.0428501516581,1.61593878269,0.0428501516581
0.2,1031,1.52527991316,-0.0443146303296,6.05171290226,0,1.51528096199,-0.0480586588383,1.51528096199,0.0480586588383
0.2,1032,1.53684818123,-0.0138717740774,7.94838299043,0,1.52680003643,-0.0178569722921,1.52680003643,0.0178569722921
0.2,1033,1.47374857879,-0.126214832067,8.09564604424,0,1.46396100521,-0.12927082181,1.46396100521,0.12927082181
0.2,1034,1.73934767568,0.134242191911,7.01491883956,0,1.72836387157,0.129198819399,1.72836387157,0.129198819399
0.2,1035,1.56035014122,7.18832015991e-05,10.9975750092,0,1.55020093918,-0.00402097729966,1.55020093918,0.00402097729966
0.2,1036,1.79433878472,0.229777500033,5.36772306077,0,1.78307974339,0.224152311683,1.78307974339,0.224152311683
0.2,1037,1.83677674646,0.270078480244,8.63385992125,0,1.82530140877,0.264230787754,1.82530140877,0.264230787754
0.2,1038,1.64769170684,0.0690743625164,9.2337639071,0,1.63714849949,0.0644730478525,1.63714849949,0.0644730478525
0.2,1039,1.68726586565,0.0556736141443,6.40635495074,0,1.67653548717,0.0511676445603,1.67653548717,0.0511676445603
0.2,1040,1.6741809744,0.0350578278303,7.24585913122,0,1.66351294518,0.0307020433247,1.66351294518,0.0307020433247
0.2,1041,1.77596132663,0.143190905452,5.36079308949,0,1.76479518414,0.138089507818,1.76479518414,0.138089507818
0.2,1042,1.41230014138,-0.148418322206,6.95221195929,0,1.40275073051,-0.151278555393,1.40275073051,0.151278555393
0.2,1043,1.53506822581,-0.0534412413836,5.46563696116,0,1.52502799034,-0.057111389935,1.52502799034,0.057111389935
0.2,1044,1.65037200393,0.0598122477531,6.19516801089,0,1.63981628418,0.0552766919136,1.63981628418,0.0552766919136
0.2,1045,1.5314555964,0.00414847582579,7.99797917716,0,1.52143061161,2.4308625143e-05,1.52143061161,2.4308625143e-05
0.2,1046,1.5089797764,-0.0378211140633,20.8700641524,0,1.49904894829,-0.0416172482073,1.49904894829,0.0416172482073
0.2,1047,1.46232602071,-0.148012340069,15.1560108643,0,1.45258426666,-0.150876134634,1.45258426666,0.150876134634
0.2,1048,1.65506180939,0.063707947731,13.9333810657,0,1.64448392391,0.0591446682811,1.64448392391,0.0591446682811
0.2,1049,1.82535347146,0.226997479796,16.1075189244,0,1.81393694878,0.221388220787,1.81393694878,0.221388220787
0.3,1000,2.35736671694,0.0779397040606,23.967131041,0,2.34345030785,0.0732759013772,2.34345030785,0.0732759013772
0.3,1001,2.50826539779,0.0943083316088,22.1984128002,0,2.49395608902,0.0895313620567,2.49395608902,0.0895313620567
0.3,1002,2.32126049361,0.0183000713587,17.715272028,0,2.30747056007,0.0140687860548,2.30747056007,0.0140687860548
0.3,1003,2.29219325237,-0.0031396895647,22.3836321384,0,2.27851343155,-0.00720792636275,2.27851343155,0.00720792636275
0.3,1004,2.30475346311,0.0309924185276,10.9714169521,0,2.29102540016,0.0266665723175,2.29102540016,0.0266665723175
0.3,1005,2.32141419801,-0.0154138356447,8.06151586585,0,2.30762386322,-0.0193868782371,2.30762386322,0.0193868782371
0.3,1006,2.23050732839,-0.144623920321,7.96716287732,0,2.21708035469,-0.14751778543,2.21708035469,0.14751778543
0.3,1007,2.49573650458,0.231370165944,8.70686722919,0,2.48145031929,0.225735962391,2.48145031929,0.225735962391
0.3,1008,2.31390247634,-0.201272025704,12.2043869924,0,2.30014014244,-0.203649744391,2.30014014244,0.203649744391
0.3,1009,2.41592545688,-0.102658189833,11.7620711681,0,2.40182828903,-0.105917900801,2.40182828903,0.105917900801
0.3,1010,2.37620824489,0.00214058160782,6.83303480037,0,2.36223006248,-0.0019681181293,2.36223006248,0.0019681181293
0.3,1011,2.29095855317,0.0256147682667,9.64338588528,0,2.27728390694,0.0213288292289,2.27728390694,0.0213288292289
0.3,1012,2.40175618182,-0.0348987281322,10.2579279337,0,2.38770008087,-0.0387180671096,2.38770008087,0.0387180671096
0.3,1013,2.4574627623,0.0531494021416,9.31555707939,0,2.44325852394,0.0486616902053,2.44325852394,0.0486616902053
0.3,1014,2.33302279654,0.195851191878,6.79764198139,0,2.319190979,0.190423831344,2.319190979,0.190423831344
0.3,1015,2.36402337804,0.0407741367817,8.74183187261,0,2.35008502007,0.0363764166832,2.35008502007,0.0363764166832
0.3,1016,2.36896650255,0.229314908385,7.97368399799,0,2.35501170158,0.223692238331,2.35501170158,0.223692238331
0.3,1017,2.56311741707,0.201624885201,7.57299200632,0,2.54873013496,0.196162909269,2.54873013496,0.196162909269
0.3,1018,2.46260980656,0.0365794301033,7.74150597863,0,2.44839334488,0.0322122871876,2.44839334488,0.0322122871876
0.3,1019,2.44738824478,0.0719258338213,7.73002207279,0,2.43320798874,0.0673042684793,2.43320798874,0.0673042684793
0.3,1020,2.5737504395,0.081460699439,8.40578787029,0,2.55935239792,0.0767723843455,2.55935239792,0.0767723843455
0.3,1021,2.68725110048,0.48624420166,9.84180113301,0,2.67283987999,0.479413330555,2.67283987999,0.479413330555
0.3,1022,2.45719514199,0.0447478145361,6.96949404664,0,2.44299125671,0.0403207615018,2.44299125671,0.0403207615018
0.3,1023,2.24768701986,-0.125379264355,7.07242800854,0,2.23418712616,-0.128442823887,2.23418712616,0.128442823887
0.3,1024,2.29900483805,-0.0179040282965,7.92129104957,0,2.28529882431,-0.0218577086926,2.28529882431,0.0218577086926
0.3,1025,2.2741054088,-0.101463019848,7.48577713966,0,2.2604970932,-0.104732960463,2.2604970932,0.104732960463
0.3,1026,2.40871226302,-0.0852874964476,6.14365190268,0,2.3946352005,-0.0886943265796,2.3946352005,0.0886943265796
0.3,1027,2.47647076263,0.257239699364,6.86871306971,0,2.46222376823,0.251461386681,2.46222376823,0.251461386681
0.3,1028,2.27420348546,-0.206187874079,6.79977820255,0,2.26059436798,-0.208519861102,2.26059436798,0.208519861102
0.3,1029,2.55089194453,0.0829921960831,9.33436001651,0,2.53651857376,0.0782932788134,2.53651857376,0.0782932788134
0.3,1030,2.42244773808,0.062700048089,11.89303305,0,2.40833282471,0.0581437833607,2.40833282471,0.0581437833607
0.3,1031,2.28321502012,-0.102348633111,11.0070218798,0,2.26957035065,-0.105610981584,2.26957035065,0.105610981584
0.3,1032,2.28971677041,0.0326910167933,9.88594209775,0,2.27604675293,0.0283524356782,2.27604675293,0.0283524356782
0.3,1033,2.2429326168,-0.106841892004,7.97803886235,0,2.22945284843,-0.110065855086,2.22945284843,0.110065855086
0.3,1034,2.53486639901,0.235024020076,8.27469490469,0,2.52051448822,0.229369148612,2.52051448822,0.229369148612
0.3,1035,2.38713175209,0.0367926508188,6.88431994058,0,2.37311911583,0.0324239209294,2.37311911583,0.0324239209294
0.3,1036,2.57515803363,0.329567670822,8.75779800117,0,2.56075882912,0.323415368795,2.56075882912,0.323415368795
0.3,1037,2.59599325877,0.339553713799,9.17050102726,0,2.58157801628,0.333352893591,2.58157801628,0.333352893591
0.3,1038,2.42870072673,0.0699439793825,7.98822497018,0,2.41456890106,0.0653364360332,2.41456890106,0.0653364360332
0.3,1039,2.52687873553,0.212330684066,6.81309285574,0,2.51253867149,0.20680603385,2.51253867149,0.20680603385
0.3,1040,2.49135661178,0.0620572119951,8.13651806675,0,2.47707891464,0.0575054958463,2.47707891464,0.0575054958463
0.3,1041,2.63156251995,0.277105569839,8.40149982832,0,2.61713457108,0.271220564842,2.61713457108,0.271220564842
0.3,1042,2.19656444944,-0.2002633214,17.2062020283,0,2.18328690529,-0.202650532126,2.18328690529,0.202650532126
0.3,1043,2.32565472824,-0.145656138659,12.6591972075,0,2.31184911728,-0.148540914059,2.31184911728,0.148540914059
0.3,1044,2.36525665746,0.03759996593,7.48779810965,0,2.35131406784,0.0332253016531,2.35131406784,0.0332253016531
0.3,1045,2.30769787249,0.0180616378784,9.80345718563,0,2.29395842552,0.0138320522383,2.29395842552,0.0138320522383
0.3,1046,2.37772614088,0.00517770648003,7.45233683847,0,2.36374306679,0.00104562286288,2.36374306679,0.00104562286288
0.3,1047,2.25305757849,-0.150485426188,8.2893720828,0,2.23953485489,-0.153327032924,2.23953485489,0.153327032924
0.3,1048,2.48037396369,0.0860083252192,9.15810908191,0,2.46611809731,0.0812884643674,2.46611809731,0.0812884643674
0.3,1049,2.58227518655,0.233387514949,8.54263198562,0,2.56786966324,0.227741807699,2.56786966324,0.227741807699
0.4,1000,3.1378360081,0.0410051196814,11.0234699678,0,3.1255569458,0.0366054773331,3.1255569458,0.0366054773331
0.4,1001,3.31219217165,0.240155681968,7.60573009029,0,3.30178260803,0.234472036362,3.30178260803,0.234472036362
0.4,1002,3.10731292404,0.0424065887928,9.28280106746,0,3.09476733208,0.0379967018962,3.09476733208,0.0379967018962
0.4,1003,3.18333207763,0.0319048911333,6.78836391307,0,3.17148423195,0.0275722853839,3.17148423195,0.0275722853839
0.4,1004,3.07817733627,-0.0060235708952,11.5794748999,0,3.06539440155,-0.0100694559515,3.06539440155,0.0100694559515
0.4,1005,3.07561052005,-0.10239764303,8.30802600831,0,3.06280755997,-0.105659782887,3.06280755997,0.105659782887
0.4,1006,3.08888223482,-0.0236976221204,10.0090680644,0,3.07618451118,-0.0276058092713,3.07618451118,0.0276058092713
0.4,1007,3.28605661576,0.327385127544,10.8332429081,0,3.27532958984,0.321243435144,3.27532958984,0.321243435144
0.4,1008,3.16125713975,-0.187757581472,7.43340188637,0,3.14919471741,-0.190260767937,3.14919471741,0.190260767937
0.4,1009,3.2185463554,-0.0124616548419,11.038641911,0,3.20705986023,-0.016457837075,3.20705986023,0.016457837075
0.4,1010,3.14494024017,-0.0020949691534,9.28282388486,0,3.13272571564,-0.00617123628035,3.13272571564,0.00617123628035
0.4,1011,3.15124494738,0.0383016318083,6.77126902156,0,3.13908910751,0.0339217036963,3.13908910751,0.0339217036963
0.4,1012,3.2127077173,-0.00248004496098,9.29562211968,0,3.20115995407,-0.00655343011022,3.20115995407,0.00655343011022
0.4,1013,3.33245248174,0.0664597898722,5.75434998609,0,3.32229709625,0.0618769451976,3.32229709625,0.0618769451976
0.4,1014,3.13894875025,0.30049943924,19.1190061159,0,3.12667942047,0.294492602348,3.12667942047,0.294492602348
0.4,1015,3.09955028352,-0.00139125436544,14.3819381483,0,3.08693909645,-0.00547290267423,3.08693909645,0.00547290267423
0.4,1016,3.10625219022,0.230032429099,7.45446095243,0,3.09369754791,0.224405869842,3.09369754791,0.224405869842
0.4,1017,3.33298189678,0.335434854031,8.15854896791,0,3.32283329964,0.329253911972,3.32283329964,0.329253911972
0.4,1018,3.33108784233,0.0890953093767,7.52639700659,0,3.32091546059,0.0843541026115,3.32091546059,0.0843541026115
0.4,1019,3.2546373228,0.0384733080864,7.45829520747,0,3.24354624748,0.0340923257172,3.24354624748,0.0340923257172
0.4,1020,3.39228391251,0.0988221019506,14.7722109687,0,3.38292264938,0.0940142944455,3.38292264938,0.0940142944455
0.4,1021,3.48267083216,0.530136048794,13.4166129865,0,3.47462368011,0.523143231869,3.47462368011,0.523143231869
0.4,1022,3.2390459779,0.0397399067879,11.1321068835,0,3.22778105736,0.0353495702147,3.22778105736,0.0353495702147
0.4,1023,3.08646785517,-0.148117929697,16.6945790406,0,3.07375073433,-0.150980755687,3.07375073433,0.150980755687
0.4,1024,3.18565703482,-0.00699722021818,9.87093686126,0,3.17383170128,-0.0110356910154,3.17383170128,0.0110356910154
0.4,1025,3.11179310128,-0.0124865323305,12.0345379692,0,3.09928560257,-0.0164824333042,3.09928560257,0.0164824333042
0.4,1026,3.2880805966,-0.0140377879143,12.3413021211,0,3.27737760544,-0.0180215556175,3.27737760544,0.0180215556175
0.4,1027,3.16604871745,0.315065324306,9.00636985898,0,3.15403175354,0.308984607458,3.15403175354,0.308984607458
0.4,1028,3.11242863888,-0.215997651219,10.5610939208,0,3.09992647171,-0.218237400055,3.09992647171,0.218237400055
0.4,1029,3.30038618601,0.0487057119608,8.72000399977,0,3.28983139992,0.0442500598729,3.28983139992,0.0442500598729
0.4,1030,3.26862004886,0.126948043704,7.69969983958,0,3.25768899918,0.121952243149,3.25768899918,0.121952243149
0.4,1031,3.12752914469,-0.103024855256,14.7704710253,0,3.11515808105,-0.106281451881,3.11515808105,0.106281451881
0.4,1032,3.1133541067,-0.00656287372112,10.050102137,0,3.10085964203,-0.0106046050787,3.10085964203,0.0106046050787
0.4,1033,3.01677552038,-0.1236564219,12.5662460923,0,3.00354719162,-0.126734942198,3.00354719162,0.126734942198
0.4,1034,3.25514032619,0.0838312059641,8.99577490054,0,3.24405479431,0.0791263952851,3.24405479431,0.0791263952851
0.4,1035,3.14743596324,-0.000472091138363,11.205419898,0,3.13524413109,-0.00456097349524,3.13524413109,0.00456097349524
0.4,1036,3.3836921873,0.351080656052,8.45689792186,0,3.37421274185,0.344824969769,3.37421274185,0.344824969769
0.4,1037,3.32970324554,0.34782242775,6.87946099788,0,3.31951332092,0.341582149267,3.31951332092,0.341582149267
0.4,1038,3.29285264213,0.24708558619,9.03736194596,0,3.28220677376,0.241363212466,3.28220677376,0.241363212466
0.4,1039,3.40766369757,0.458341062069,7.8301068861,0,3.39851665497,0.45161896944,3.39851665497,0.45161896944
0.4,1040,3.32218639523,0.0429582595825,9.18315700255,0,3.31190109253,0.0385444276035,3.31190109253,0.0385444276035
0.4,1041,3.41667439764,0.455951988697,7.58532690816,0,3.40765523911,0.449239552021,3.40765523911,0.449239552021
0.4,1042,3.02737349448,-0.203519254923,9.6138981171,0,3.01421666145,-0.205876246095,3.01421666145,0.205876246095
0.4,1043,3.14555760308,-0.0477340370417,10.6424100231,0,3.1333489418,-0.0514504872262,3.1333489418,0.0514504872262
0.4,1044,3.10962041357,0.0229884684086,10.0821091328,0,3.09709429741,0.0187219064683,3.09709429741,0.0187219064683
0.4,1045,3.19511557775,0.0452972203493,12.6076508313,0,3.18338608742,0.0408663190901,3.18338608742,0.0408663190901
0.4,1046,3.15361504241,0.0273750275373,9.46963112801,0,3.14148044586,0.0230759866536,3.14148044586,0.0230759866536
0.4,1047,3.086614809,-0.147857800126,12.6891559921,0,3.07389855385,-0.1507229954,3.07389855385,0.1507229954
0.4,1048,3.2606675197,0.0722450613976,6.635410944,0,3.24964499474,0.0676212757826,3.24964499474,0.0676212757826
0.4,1049,3.40739156504,0.342326819897,8.5438429378,0,3.39824080467,0.336112618446,3.39824080467,0.336112618446
0.5,1000,3.93180641064,3.83105373383,3.52525198832,0,3.9316470623,3.82902407646,3.9316470623,3.82902407646
0.5,1001,4.07479462639,4.16928815842,4.51095798053,0,4.07721948624,4.17329645157,4.07721948624,4.17329645157
0.5,1002,3.91500410509,3.83969330788,3.57168004848,0,3.91453313828,3.8378238678,3.91453313828,3.8378238678
0.5,1003,3.9413894736,3.81883978844,3.55403497815,0,3.94140744209,3.81658387184,3.94140744209,3.81658387184
0.5,1004,3.8538141425,3.84130430222,3.61579796299,0,3.85220718384,3.8394651413,3.85220718384,3.8394651413
0.5,1005,3.84997296873,3.83460330963,3.49226896651,0,3.84829425812,3.83264017105,3.84829425812,3.83264017105
0.5,1006,3.83888682985,3.86062979698,3.43751697801,0,3.83700299263,3.85914921761,3.83700299263,3.85914921761
0.5,1007,4.06344952874,4.18325042725,4.46468195878,0,4.06567525864,4.187479496,4.06567525864,4.187479496
0.5,1008,3.97426410324,3.80332875252,5.58806583285,0,3.97488689423,3.80078673363,3.97488689423,3.80078673363
0.5,1009,4.02216064818,0.0149288922548,21.9720611349,0,4.02365255356,0.0107229631394,4.02365255356,0.0107229631394
0.5,1010,4.02047536515,3.04548358917,7.52640911378,0,4.02193641663,3.03245425224,4.02193641663,3.03245425224
0.5,1011,3.88146844585,3.81316161156,4.13406686857,0,3.88037490845,3.81080102921,3.88037490845,3.81080102921
0.5,1012,4.03174466431,3.05751633644,11.4409627859,0,4.03340816498,3.04457473755,4.03340816498,3.04457473755
0.5,1013,4.16771742168,4.14533376694,3.69950896129,0,4.17170000076,4.14895343781,4.17170000076,4.14895343781
0.5,1014,3.86251837484,3.83842635155,3.89394699596,0,3.86107301712,3.83653354645,3.86107301712,3.83653354645
0.5,1015,3.8771689202,3.85229110718,3.49392998032,0,3.87599563599,3.85065531731,3.87599563599,3.85065531731
0.5,1016,3.91401509473,3.83508276939,3.5307649523,0,3.91352653503,3.83312821388,3.91352653503,3.83312821388
0.5,1017,4.08484860714,4.16198682785,4.35691419989,0,4.08744716644,4.1658782959,4.08744716644,4.1658782959
0.5,1018,4.14035738563,4.1697974205,3.44711099751,0,4.14389514923,4.17381334305,4.14389514923,4.17381334305
0.5,1019,4.04137610419,0.035447910428,14.0276770107,0,4.04321193695,0.0310891140252,4.04321193695,0.0310891140252
0.5,1020,4.19675383767,4.13333415985,5.87697210722,0,4.20119333267,4.13675546646,4.20119333267,4.13675546646
0.5,1021,4.29860884877,4.20904016495,3.66983795539,0,4.30450248718,4.21366786957,4.30450248718,4.21366786957
0.5,1022,4.13026216075,4.15477514267,3.51397600025,0,4.13363265991,4.15854883194,4.13363265991,4.15854883194
0.5,1023,3.9403780952,3.81872081757,3.5806261003,0,3.94037723541,3.81646299362,3.94037723541,3.81646299362
0.5,1024,3.96263242302,3.80502653122,5.0110348966,0,3.96304178238,3.80251598358,3.96304178238,3.80251598358
0.5,1025,3.97060530929,3.79932713509,7.79475504532,0,3.97116112709,3.79671120644,3.97116112709,3.79671120644
0.5,1026,4.02035440032,3.78978133202,5.44828316197,0,4.02181386948,3.78698992729,4.02181386948,3.78698992729
0.5,1027,3.9917690942,3.8197247982,5.95679692924,0,3.99271059036,3.81748557091,3.99271059036,3.81748557091
0.5,1028,3.91947114432,3.81716156006,3.59349092469,0,3.91908311844,3.81487464905,3.91908311844,3.81487464905
0.5,1029,4.10881895572,4.19005060196,4.33833291754,0,4.11182832718,4.19438648224,4.11182832718,4.19438648224
0.5,1030,3.97867507936,3.78279232979,5.17098396085,0,3.979377985,3.77987194061,3.979377985,3.77987194061
0.5,1031,3.92277709598,3.82493472099,3.54630989023,0,3.92245101929,3.82279229164,3.92245101929,3.82279229164
0.5,1032,3.87158084423,3.80748081207,3.47483414225,0,3.87030410767,3.80501508713,3.87030410767,3.80501508713
0.5,1033,3.78794317336,3.91373944283,3.58429295011,0,3.78511738777,3.91324543953,3.78511738777,3.91324543953
0.5,1034,4.06239614561,4.29641485214,8.26332112774,0,4.06460380554,4.30227994919,4.06460380554,4.30227994919
0.5,1035,3.94873073674,3.81470870972,3.87650518678,0,3.94888353348,3.81237697601,3.94888353348,3.81237697601
0.5,1036,4.2399172521,4.22287130356,3.5049051512,0,4.24500370026,4.22770738602,4.24500370026,4.22770738602
0.5,1037,4.00794184757,3.77988505363,6.02369219996,0,4.00917768478,3.77691078186,4.00917768478,3.77691078186
0.5,1038,4.12603365856,4.17750167847,3.50963999517,0,4.12933349609,4.18164014816,4.12933349609,4.18164014816
0.5,1039,4.15106225447,4.1195526123,3.46162496135,0,4.15477561951,4.12274360657,4.15477561951,4.12274360657
0.5,1040,4.06341318576,5.29497671127,8.9553068392,0,4.06563806534,5.28478527069,4.06563806534,5.28478527069
0.5,1041,4.2209874449,4.20890378952,3.66747588851,0,4.22579574585,4.21352910995,4.22579574585,4.21352910995
0.5,1042,3.87906813526,3.84546637535,4.95068402961,0,3.87792992592,3.84370446205,3.87792992592,3.84370446205
0.5,1043,3.95610731967,3.80986022949,3.82566591725,0,3.95639657974,3.80743837357,3.95639657974,3.80743837357
0.5,1044,3.98327798461,3.77425956726,5.11058419943,0,3.98406505585,3.77118253708,3.98406505585,3.77118253708
0.5,1045,3.99527413594,3.81014418602,5.7609770447,0,3.99627947807,3.8077275753,3.99627947807,3.8077275753
0.5,1046,4.04728658238,3.11267280579,7.49118905514,0,4.04922676086,3.10017228127,4.04922676086,3.10017228127
0.5,1047,3.8156034954,3.85097527504,3.61601798795,0,3.81328773499,3.84931564331,3.81328773499,3.84931564331
0.5,1048,4.02779410026,0.0722967088223,14.0658030286,0,4.02938699722,0.06767257303,4.02938699722,0.06767257303
0.5,1049,4.12220132235,4.14731168747,3.52783501148,0,4.12543725967,4.15096330643,4.12543725967,4.15096330643
